"","G001","G002","G003","G007","G008","G009","G110","G012","G013","G014","G015","G016","G017","G031","G032","G040","G041","G042","G043","G045","G047","G049","G053","G054","G055","G057","G060","G062","G064","G066","G070","G071.A","G071.B","G074","G079","G081","G104","G105","G109","G114","G116","G120","G122","G127","G128","G129","G132"
"GVVDSEDLPLNISR y11",314533,1798674,24621,1318233,683319,747165,821727,65084,987740,754026,370741,517035,1172389,1458412,858866,1727995,975665,1838488,1123765,1328818,974459,2446330,2142526,1425588,2329747,1008201,2304865,759729,2190002,1353852,1561188,1343022,430071,747257,2052848,989303,661374,582536,241083,1254593,436765,1501808,1126921,1189673,725568,1390663,1325768
"GVVDSEDLPLNISR y7",610961,3711853,50524,2713614,1384110,1476887,1653342,126501,1910000,1499522,679673,1010965,2400880,3043093,1637016,3784635,1988687,3837091,2169742,2687765,1884468,5324984,4652995,2926253,4994925,1989929,5067930,1523581,4654351,2686775,3337386,2702285,819360,1480319,4622060,1988732,1270501,1157511,478945,2620848,815609,3157734,2293395,2411904,1485775,2935676,2805836
"GVVDSEDLPLNISR y6",1979306,11653176,181834,8640652,4340083,4627890,5211244,437760,6176002,4903490,2261497,3230840,7645407,9411402,5276574,12040402,6343204,12249813,7065219,8929614,6047505,17420846,14674784,9172498,15914207,6614110,16022593,4869397,15014637,8536509,10488066,8764302,2623539,4697035,14886697,6350518,4066916,3737252,1590136,8239565,2517330,9747394,7236141,7507701,4707973,8915357,8904695
"EVVQSSAFVER y8",1063284,4868548,181507,3870012,895146,2540926,2901758,199285,3556501,2608700,1235625,2947960,3662459,3784825,3148782,5318982,3602202,4359673,2861741,4039724,2668249,9373297,6171362,5478017,6945679,3749987,6270387,3244120,8813054,4646912,5744308,5555612,1647886,2230147,7219750,3191279,2377836,1976432,873474,4175801,987582,3969099,3094142,2302575,2579367,3977985,2603057
"EVVQSSAFVER y7",1747459,8790313,272152,6731578,1540452,4145422,4853134,326353,6138959,4423625,2004462,4941973,6438165,6481062,5312374,9218471,6130112,7410154,5162022,6902111,4442289,16763781,10880385,9563714,12584695,6442243,11226223,5359131,15528642,8045263,10163298,9631441,2687289,3729456,13010634,5401735,3925405,3228858,1402411,7257976,1631614,6825041,5206107,3904433,4257023,6886295,4350957
"EVVQSSAFVER y6",440855,2272015,65419,1705779,384014,1061364,1160174,86969,1531093,1076635,517010,1216787,1619856,1647697,1301976,2343653,1527973,1860790,1278570,1758610,1124735,4441369,2749382,2398916,3300113,1614922,2935850,1425919,4074161,1996563,2584122,2523590,685423,926594,3355246,1386982,973792,772599,349484,1815666,407102,1729247,1366446,1022398,1042337,1726728,1144617
"DSSTMGYMAAK y8",204205,1385117,37587,1090872,299483,520635,497274,37346,901001,470005,167027,714062,1016707,1177484,671330,1475401,822157,1409784,498716,676030,521077,2173563,1910444,1204324,2186426,784182,1657420,553840,2454122,874354,1698592,1523507,106487,475413,1719785,487257,455453,369947,97049,1009484,263555,985339,953231,822092,487760,1196477,1007395
"DSSTMGYMAAK y7",300076,2203234,45302,1767048,493766,787360,768036,58826,1479904,714759,258141,1017442,1539532,1866316,1022328,2417452,1329834,2274058,769479,1031708,785532,3537141,3163572,1840427,3519685,1179858,2761402,863299,4010789,1375540,2666670,2423180,157789,685489,2765750,720300,689137,548486,126286,1565853,374600,1579906,1527740,1191936,745040,1970169,1564163
"DSSTMGYMAAK y6",328194,2452483,53649,1942848,476604,892695,836579,53843,1514402,788028,299087,1131549,1698212,1900822,1048748,2632608,1387213,2396891,823706,1118585,839748,3833974,3332870,1965499,3896779,1257144,2971449,949492,4350084,1409194,2925074,2620555,163020,731458,3131346,804859,756392,545855,152172,1648461,418805,1740511,1601733,1315800,812304,2109562,1688272
"NAVVTVPAYFNDAQR y12",46461,282005,4551,175850,60843,124520,101733,23548,116113,147955,65954,95079,226217,214126,112219,217637,193930,219494,223266,229312,166987,406595,411215,185170,362699,203456,347393,146844,346366,190249,203108,203788,88345,159388,351498,146974,107848,126848,56768,207787,62732,214695,198890,179768,127631,122721,173114
"NAVVTVPAYFNDAQR y11",96353,586082,12859,333607,139404,217696,229076,55062,239037,240555,124563,202463,367847,520354,234697,520153,378394,458100,439948,481771,290476,832984,780719,442238,738542,401718,678375,276158,686530,392642,480554,455238,157938,273323,618453,311569,212206,237857,113281,380337,135489,440351,407374,360053,248987,306254,357852
"NAVVTVPAYFNDAQR y9",991754,4943274,128651,2812939,1297839,1866986,1992285,443349,2105973,1987449,1105554,1665066,3096484,4385235,2133939,4688636,3275863,3980204,3587624,3898138,2692040,7280116,6684604,3812162,6236851,3182415,5784408,2346070,5939800,3458883,4332514,3739062,1511350,2215936,5070330,2762101,1806133,1966064,1064521,3118043,1198382,3811879,3555206,3149939,2139066,2812527,2981738
"IINEPTAAALAYGLDK y12",1934869,8667800,83572,5709847,1159224,4226204,4852968,1290197,5552368,4609038,2146227,3648107,7326807,9086862,5147668,8934777,6881449,10109477,6604507,7874162,5280474,13468188,12781063,9688607,13188095,5967085,11499677,4980659,13718861,8075449,10204618,9303972,2711865,4754414,9662561,6378075,4062213,4403393,2124103,7199023,2461945,6782910,6513154,5096676,4680747,5552614,5647157
"IINEPTAAALAYGLDK y9",361340,1835655,14214,1149038,237541,856423,1009111,259665,1119977,930555,416309,690946,1493224,1948326,1064335,1891331,1399757,2116084,1286000,1611366,1055032,2978011,2806997,2069563,2803794,1197100,2444636,1003502,2955495,1658207,2234795,2014894,529509,970891,2072364,1256188,768545,867828,428600,1484149,468202,1449636,1340254,1046583,941163,1168982,1133325
"IINEPTAAALAYGLDK y6",366013,2082231,11820,1295846,271511,926791,1037664,268403,1229493,1045532,448006,753302,1682846,2169633,1100872,2100588,1563719,2478914,1446900,1812052,1194270,3411803,3309395,2258645,3293263,1285175,2888313,1055766,3441681,1844838,2420975,2177917,541277,1044818,2443083,1393683,820385,934177,459608,1671971,481254,1589977,1500819,1209801,1005618,1282346,1285839
"ISLTGPHSIIGR y9",125375,955534,15261,577647,394781,242145,349267,41802,396309,249191,100769,314249,514555,507854,149361,389799,136984,372171,201390,249436,131902,569790,607062,216221,535926,173266,635239,157936,563104,250492,478865,691677,84702,88625,626595,203704,201895,195787,152866,599593,134663,638255,484759,652773,294289,718388,867434
"ISLTGPHSIIGR y8",136077,1146728,21156,673807,392874,267332,389457,56541,474276,306568,132363,347050,636894,638942,153150,498775,168032,473154,251485,279751,156416,718353,683504,276787,685272,187998,822963,175331,688497,298984,581677,870183,108376,106860,781970,254951,226076,207602,167326,746052,166677,785817,551137,820631,321609,872848,1103752
"ISLTGPHSIIGR y7",62126,548760,9505,319819,200712,131793,183842,27881,220282,154592,57193,163455,302038,285947,84149,235944,84610,208402,124675,141811,81777,339065,324680,124331,306874,101879,361091,95118,317818,148781,280895,386937,57597,63994,364646,131736,106924,106026,89299,343040,78715,380456,258443,378996,157706,392063,525842
"TIVVHADVDDLGK y9",85399,687629,9239,458856,251766,186500,230384,30312,302722,153301,130802,265944,479815,411908,116783,431125,111146,388729,147383,189434,92071,475286,507360,208228,464210,140962,534295,138779,466150,180083,386292,624463,70451,80828,575493,213464,162916,154045,110520,489537,147581,645575,371694,603298,145783,611551,735326
"TIVVHADVDDLGK y8",62455,488738,5272,296259,154560,102063,137005,21126,197856,86937,93361,152259,315130,288293,73493,276513,75168,232746,92511,132528,49084,328021,313446,136183,288162,93246,367822,85095,320872,125640,254958,410015,39565,55047,363688,121534,104425,99539,67632,349341,100270,451861,237080,390856,97412,400006,514871
"APNSFNLR y5",311853,1832031,64065,1354173,356947,898561,1034510,385155,1150366,813299,474651,560384,1129302,1358514,703274,1456671,711146,1195487,739148,1039787,651315,2100745,1829737,1098601,1696721,842856,2024078,616628,1256562,946438,1246576,1510829,279464,527347,1642369,800968,641258,610093,292157,1415168,353917,1342190,1123985,1589218,928792,1550107,1540144
"APNSFNLR y4",133249,833646,25491,649722,152196,436460,487970,184315,487286,399548,237834,254973,547677,633433,324943,699074,308989,541130,334544,476292,311012,954306,809766,547275,795090,418102,892934,273278,544437,420280,591632,669605,144074,241490,714727,395546,328520,290818,134462,670347,160963,587633,542650,728293,457689,705371,697012
"APNSFNLR y3",86909,524513,15704,371468,145467,289850,221288,458491,307073,205664,189091,111619,404817,314560,155788,394822,153773,286502,169111,253361,144260,533255,441223,221996,421225,194029,489468,128489,285322,224803,279668,422487,60474,122340,423115,184643,148072,156510,81266,395317,76468,369905,347630,445620,238878,472818,392434
"VLYPNDNFFEGK y9",363598,1745791,63733,1716274,1214552,941016,1068830,422714,1051138,890318,518938,561057,1433156,1650049,799171,1469379,822013,1375174,916021,1090547,633344,2021091,1913033,1159994,1719875,896687,1858000,641753,1675642,897514,1190465,1921516,339002,696914,1730536,797709,661598,761056,332003,1535311,407463,1456587,1675582,1417339,981110,1788575,1585918
"VLYPNDNFFEGK y8",28742,206508,3474,195642,124997,94605,118238,44219,106363,85285,52789,56124,153548,176595,79930,154735,80625,155702,84957,111640,59819,231612,207832,132777,185469,79344,211684,51811,177639,93218,132862,205526,24008,57823,199685,75732,60783,77445,32486,152397,39646,160919,177136,150980,101392,220612,167984
"VLYPNDNFFEGK y4",19633,105059,1617,86905,71163,52508,53806,20069,63862,55662,32998,31954,96357,91004,41703,93808,44688,76724,52082,63091,40444,125818,127995,67231,110950,45176,138781,44395,99860,54990,75200,113153,17547,40934,112628,42326,43592,35347,22711,99694,27116,86693,114190,89121,62010,100251,85446
"TSFDAFPDK y6",210640,925485,45893,1138954,673209,589603,721587,226981,680653,551065,251542,251253,914160,1021379,422354,956035,449269,794031,585185,630677,425835,1140601,1175223,723392,1081263,553941,909851,426683,1038793,595388,790727,1156305,182784,367111,870273,509618,427167,373144,162381,959130,210580,939521,945438,917164,595990,1194478,1040640
"TSFDAFPDK y5",124268,554233,24339,688338,395827,325230,398379,132166,396378,310996,153158,140126,551281,600317,241187,559902,253519,449696,345162,355743,250309,705525,739335,409655,656573,303583,562220,250051,590562,324830,461469,706422,99041,199933,530156,277604,252738,202024,83394,578802,113985,537890,558254,575557,347654,692675,638371
"TSFDAFPDK y3",198571,870508,46406,1120639,635202,531931,616953,217768,635073,525163,241143,249185,892452,1012985,411604,905289,431979,815454,533202,591009,401467,1155750,1120777,673634,1027654,494824,934431,381436,969907,526510,723817,1194658,166247,333352,898330,470987,386245,343758,155316,949072,209959,945624,911558,894290,573570,1104724,990540
"IITRPFNVNGLLAYDSR y6",94481,656655,94,506530,97633,337712,239553,45219,292743,255865,119404,92796,351254,442921,244381,302788,182606,185180,239499,314508,101645,530011,562362,324776,415392,212633,394168,256871,339287,338807,360572,371485,108893,198827,296774,187871,186006,175768,85368,420205,72381,364385,338379,257403,378323,440136,210392
"IITRPFNVNGLLAYDSR y5",88039,650436,658,452712,83797,324476,208695,52448,275078,242743,130421,96141,348598,427748,232063,283000,178059,176513,257161,307480,107330,480394,516894,318535,358093,205761,414805,218279,286343,334495,354516,345591,102180,211166,285440,172636,170493,169058,79069,369239,67211,345115,309956,258822,366767,390593,202885
"IITRPFNVNGLLAYDSR y4",22744,152084,72,106660,23924,73716,52559,19643,73724,63609,39585,21821,76235,95662,53469,64515,45824,50748,57658,69712,31684,110854,115910,82399,73380,46161,95342,66556,74813,71628,81396,79608,22172,49069,73867,52355,44413,44917,23616,94149,17953,68333,71912,62882,83569,92414,50017
"WLDESGVFLPEEHPSR y9",28829,248242,894,181512,84988,100047,63914,16374,78312,72235,32695,32914,114908,129088,73463,102682,58118,83497,88808,92804,38692,174538,195971,104451,134426,69758,150348,75410,117923,94546,120477,119091,31898,55982,94401,59338,57052,50480,18435,120797,17667,120656,115759,76069,113118,161217,82399
"WLDESGVFLPEEHPSR y7",144632,1293070,9246,879458,468160,515694,323873,87806,404236,368517,167721,127335,556849,673343,360305,559091,299714,393721,410923,480976,171585,923661,1005266,494480,681751,332290,701789,338318,574384,502865,582672,639114,150266,281737,488679,258582,245790,267631,121069,653063,94924,581775,593490,353178,562342,836405,428766
"WLDESGVFLPEEHPSR y4",36748,382072,1406,269906,128123,147517,81665,23533,126910,98156,45469,33860,176617,178955,86435,148937,75602,112374,116681,154563,53056,268680,322225,132682,221330,93013,209680,82637,152944,145473,148332,171943,39466,87017,149051,82097,68417,68760,26545,182125,25507,174854,177510,101804,149322,238278,116487
"QSLLPFGATGPR y8",386791,4422337,60326,2987713,1803011,1673057,1218555,230256,1764122,1115161,563660,462405,2290926,2849309,1269150,2385851,925808,1454112,1225051,1528802,543190,3142785,3318655,1717445,2491371,1031354,2488261,995773,1908974,1757743,2230830,2327698,475012,906889,1930201,867988,718697,844307,400722,2367465,272548,2726470,2493015,1847494,1922205,2993024,1478834
"QSLLPFGATGPR y7",12059,209099,2143,130780,76504,69948,50248,9451,78645,50446,21710,22199,99359,129022,59689,119810,38312,69637,53697,73316,26355,138393,159090,93259,115989,49968,111964,39955,96852,76633,101893,112758,17366,37861,87275,42331,35082,37839,18055,99537,14671,119037,113300,78596,85885,127493,70811
"QSLLPFGATGPR y6",19966,198921,1866,137766,78913,62996,53663,9326,81199,48169,26936,21833,103394,119162,60204,111234,37853,55952,52799,76212,29750,149871,142756,77975,102091,51348,117316,46137,79168,63671,90380,106942,20148,38006,93809,39719,39004,39765,23147,107495,20812,136916,109332,86202,83515,110226,84151
"AGELGGSDPDYAMR y10",326441,1559629,68095,1265107,2409673,550406,470403,264858,820589,447362,287707,492479,1154766,982296,343096,1286827,337920,852297,314380,383016,290344,1063941,1239206,446223,1008689,344793,984120,289192,802613,533289,980902,1065830,112308,233788,1350074,343155,310724,403451,174035,885400,217413,969344,743054,913988,422163,1137456,842836
"AGELGGSDPDYAMR y6",469476,2871323,69104,2094962,3560733,1050201,782721,921650,1328285,869171,785264,646444,2151362,1363896,495465,2010056,563030,1202818,522324,527339,468469,1566900,2093006,617448,1625918,542485,1479376,424808,1116737,698365,1453999,1670015,159692,379135,2168618,467028,504281,738337,299647,1425824,322559,1802629,1259115,1684777,762896,1855623,1403049
"AGELGGSDPDYAMR y4",93694,496071,17937,354949,645749,168022,107894,68694,236736,128530,75747,133140,356602,259772,75267,343913,95835,223366,91245,102447,78711,280821,352335,104213,298966,103940,278060,89153,234205,136561,267800,300976,29712,62315,425443,85370,76548,97979,34175,257711,64822,282089,208456,282414,110817,297396,236621
"LYSYSDTHR y6",37565,204179,6320,181143,252525,74565,50739,48916,109294,72490,42294,52364,188711,175756,54097,178551,48776,NA,54026,46773,28413,117084,NA,60637,NA,9737,158027,36601,128753,63445,NA,167430,47358,47561,142243,60191,NA,57254,51791,104891,29947,94540,126396,113205,NA,180985,114477
"LYSYSDTHR y5",45820,222449,6666,193397,253858,72001,61275,49759,129328,70319,39951,55586,197801,211957,50683,202513,56288,NA,63753,45845,28511,145904,NA,70407,NA,19324,189333,39572,138323,50721,NA,183350,35301,36173,164347,67893,NA,47815,43862,126569,32936,111597,143817,112290,NA,187387,121913
"LYSYSDTHR y3",20615,118365,4230,119831,126224,35778,31684,24582,58851,46001,29003,25722,106095,113626,31840,106549,26421,NA,29859,23853,14838,69962,NA,40231,NA,11721,100980,22482,84656,33458,NA,108880,16747,21142,82111,36298,NA,25772,24610,61084,14927,57993,67260,61657,NA,91339,73110
"LTANIAGHLIGAQEFIQK y9",58898,200254,2998,174697,113307,106991,101415,62340,156143,121380,61883,70552,242687,184694,79136,187234,87048,160657,79435,103829,66256,173617,206588,86687,164476,74631,149916,77312,156910,120826,149985,144235,42184,86306,208605,88999,63522,95747,49800,202048,51219,120795,142555,95153,89731,165973,107783
"LTANIAGHLIGAQEFIQK y8",89037,271109,1036,244604,165182,140328,111395,88575,211457,131441,83430,97737,311133,232446,105251,233185,114404,207667,103465,127707,89105,228764,228691,122469,217696,96523,206474,84439,210068,144636,223665,180009,48678,90570,230480,127548,92634,112056,67194,217811,81680,142748,161007,127292,108026,201785,143381
"LTANIAGHLIGAQEFIQK y3",48450,169675,215,140614,105526,83033,62535,49102,125752,79306,58403,69572,187006,145433,60315,145898,62615,123521,53653,90387,46990,149712,150257,95595,127170,62051,128062,66747,129529,89508,133792,113698,22111,60924,162263,76235,60104,74914,40670,118377,45384,103559,98463,101212,62476,135180,98632
"ALFIIDDK y5",560385,1905347,103959,1878897,786502,1153173,1199985,298524,1248318,1107750,510300,914164,1614829,1580467,1047685,1439680,1117238,2137010,1153390,1456312,1021928,2460853,2550906,1651622,2547175,942015,1755857,845807,2280377,1156543,1510490,1668932,540208,959236,2143386,1085562,735698,920960,588576,1530395,623050,1304784,1326128,1146083,1172454,1970243,1593593
"ALFIIDDK y4",550048,2148276,98350,2031788,825614,1136811,1240675,307085,1279961,1129397,520991,938837,1749938,1749394,1050885,1516162,1106444,2243908,1193320,1511896,1066875,2686461,2873228,1694977,2950934,907457,2051623,808986,2563138,1188572,1565348,1762751,522972,993414,2395879,1068106,738361,960214,582872,1669918,588965,1364350,1433038,1182842,1200679,2034343,1733052
"ALFIIDDK y3",150244,577751,26989,495737,198794,277054,275091,78207,325857,277660,133914,232134,437307,441521,242494,369132,268217,594071,291944,357681,267649,686100,728523,441329,766559,213101,559932,202758,661857,287316,394523,466427,125177,229628,649468,278005,176900,231058,149230,409150,141412,365794,341370,320259,289801,499499,439758
"AAQDNGLLTDVLAYK y8",47196,192778,722.5,173845,104788,82355,88330,21354,107022,76673,42231,37699,108398,215481,71825,225108,118114,241992,132788,147129,97138,349418,263441,167923,299799,119760,280653,74525,229907,141979,192435,254699,51746,78029,239862,127794,90762,85659,44825,142525,33775,205227,175169,168626,81639,156588,188696
"AAQDNGLLTDVLAYK y7",34920,120725,722.5,106234,63995,55219,56111,11513,74904,45951,25068,30090,65066,132928,51387,127427,69869,142009,80456,92100,64267,195087,180090,98364,178537,74672,174499,47419,142090,83431,101422,151400,29994,46258,166980,75350,53537,48125,29970,93617,23153,106447,109896,87595,54715,89764,113028
"AAQDNGLLTDVLAYK y3",25841,88424,631,79930,51136,38212,37877,9183,48201,32703,20560,19527,52766,90456,31149,102699,54830,102641,55605,60543,37636,140809,116775,78061,137805,56966,122813,39540,95783,62981,65043,109973,22695,35061,111616,50034,39523,31314,21578,67285,15094,78314,77411,66603,37806,62266,75522
"ALELGLKPK y6",49141,329133,NA,157916,184604,95512,101537,42305,168179,62092,53974,70046,194532,274686,76998,273268,91424,216524,121958,173049,112265,382681,357742,169051,378585,122878,362563,85748,228322,140583,247103,299501,49758,56512,355554,157209,82035,87036,46183,157852,40162,266521,165321,207327,117133,186163,263075
"ALELGLKPK y5",58716,322407,NA,164050,199069,99948,101946,22421,144501,65488,59395,64474,176179,281011,94874,292847,101619,239681,105931,174634,106346,377521,345428,164545,373286,138320,375857,88214,248371,143288,256984,315679,49464,62332,365315,137892,84482,85402,45438,155628,34253,247789,173634,188167,100389,186159,244658
"ALELGLKPK y3",9846,68508,NA,36909,43726,21042,22820,7603,20772,8574,8320,19650,41686,52118,13210,71577,24726,53830,21586,36337,24511,74206,61344,26242,54236,20108,69532,12393,43408,22106,45668,62126,11965,9402,71695,27833,17791,16193,8904,28274,5276,42480,40711,39855,19387,44365,42219
"FNLWGGSLSLGHPFGATGVR y12",6329,38497,0,41213,12227,15859,23541,2027,25172,13755,9460,7527,34520,56820,13614,55132,31353,53378,26675,38864,23220,69568,89577,36305,70904,18827,88386,17456,49213,33541,47278,63533,9459,21675,93985,29540,17685,21647,7349,43980,4638,41210,44815,26323,14247,39748,44530
"FNLWGGSLSLGHPFGATGVR y10",27258,143888,236,115764,46260,63409,54278,9548,82806,49626,22824,29226,110661,158900,56183,158815,78806,148445,78350,128296,72048,214567,239661,129985,239279,60163,218687,50688,161953,109568,147475,203623,22206,55367,238663,95470,60934,50022,16001,115822,21225,148063,112554,78143,49124,120653,102340
"FNLWGGSLSLGHPFGATGVR y8",65759,427525,640,370111,104859,155638,159849,25702,249113,144093,67131,73590,310812,449358,153189,447790,214882,426871,232369,318621,182994,632447,664698,340600,672713,164271,625484,148418,448771,298835,437104,557428,56519,165348,696392,257253,155080,160045,49738,332508,64803,395789,311415,205122,146316,324051,339108
"STIGVEFATR y7",542714,2348960,70326,2993958,2069999,1390603,1259448,241553,1636808,1337400,737188,785577,1811547,2465981,1026231,2025056,1199634,2472081,1366344,1547193,988741,2844647,3942257,2158870,3042890,1151850,2844345,1161474,3504911,1693333,2665077,2969825,462581,914077,2832594,1303820,1068471,979110,397636,2459326,427684,2979930,1904270,2616994,1259188,3217251,2446610
"STIGVEFATR y5",252295,1080627,34010,1334690,980848,674315,586459,113741,753075,652391,331847,386427,831564,1165076,486325,957919,568467,1153833,631571,717391,481440,1320455,1877250,965178,1401266,582518,1303823,556963,1644727,794380,1227586,1424815,224252,442414,1351645,639723,499411,419588,182976,1134618,206436,1368341,932778,1237957,626736,1462141,1178726
"STIGVEFATR y4",81106,323858,10020,435588,298972,198974,186519,37652,215712,206965,109717,110880,266050,334422,152917,270847,152787,335747,202818,212994,142662,381894,567508,290045,407968,168035,435728,152552,496419,235647,364765,423735,70443,145453,408020,187009,152526,134938,67686,351014,54642,404015,262850,384596,178355,434723,352589
"TVIEPMAGDGLR y9",40544,306678,3523,165177,71757,111632,122377,38040,149135,93249,58960,42161,226111,183202,65028,175451,83694,125009,95718,85381,67594,234307,217936,99774,215221,68924,204909,63027,189073,93405,170081,211100,21868,51044,205188,59176,63549,58622,26512,166814,25448,186718,123561,196097,99807,194916,168571
"TVIEPMAGDGLR y8",158161,1246820,20775,755213,282323,450033,474375,142859,614305,349514,231753,195365,923859,732767,282562,771037,328744,568401,355758,378647,300701,983314,1013911,456300,952169,259899,892509,274060,772039,392483,697456,868184,77927,224025,910296,259909,237881,255938,98982,700626,108898,790987,512114,805276,379418,816649,659008
"TVIEPMAGDGLR y6",11043,86744,1600,51457,21056,32892,27257,9678,43343,17816,20553,10453,63917,47143,20166,46759,23826,42865,27993,31733,23527,55375,73774,25218,63140,16285,67154,22044,62990,23556,49048,52554,5882,16492,63402,21235,21020,12288,6359,55169,10566,54426,32747,58880,30057,60592,44897
"LLDQVWPDLR y6",50539,225414,1012,169795,97654,137697,151415,63405,138971,116906,89734,37668,242522,158780,104268,174207,109868,186592,116625,89727,86141,206030,247894,153069,192013,94492,191536,82668,160828,137447,161050,177202,47933,86462,190774,83283,88636,102471,47722,176411,40422,198412,175019,178476,119784,188395,154455
"LLDQVWPDLR y5",130090,590396,6505,472641,214931,376464,388530,155065,361977,269351,219608,107614,569101,412636,230333,457222,282377,494970,278180,262304,229066,535601,620520,390047,502363,222344,474108,210191,432266,303669,430274,485236,119327,203411,490058,248378,220601,306094,120527,444771,101470,433806,459195,457117,326093,492161,391974
"LLDQVWPDLR y4",58418,242958,2022,186777,94436,136667,157249,64695,140457,116388,94608,55936,255163,180061,103014,162348,114172,205217,106384,101000,92913,214982,228096,160291,209654,99534,189604,91390,161930,123501,166345,176718,53056,87812,196540,96255,86840,115052,62505,180915,43774,179709,185250,186318,110664,195128,164553
"LNSGSVGVYR y7",141128,815433,33098,666189,300819,395755,484549,48937,486874,394023,187790,420378,622785,583236,406936,610950,428532,703139,352249,456938,288303,1248465,6559,659630,1192244,385704,1069073,384373,1065085,566449,793474,911934,177859,340785,1092114,399376,NA,239845,127147,593521,183515,632258,446776,606180,360022,685360,568921
"LNSGSVGVYR y5",85603,551793,22668,462396,216970,297006,322096,28013,305144,290318,125507,274472,410727,410329,288469,423488,280348,530923,240051,308140,205756,867738,18675,426035,788039,296814,772689,279568,747002,373285,549514,657968,125110,209674,749268,311796,NA,159377,90478,418717,123117,412885,300398,409377,266967,472981,410337
"LNSGSVGVYR y4",124492,806662,34961,635903,297331,403549,433102,42858,478405,414230,180621,378316,593077,594217,387621,587964,378472,706130,330096,439136,275603,1231403,8109,591303,1145163,395791,1099507,362489,1077701,548493,782690,942802,186413,299651,1074250,419472,NA,210009,119826,610369,181128,610655,442672,583889,343763,666202,560909
"SLTENFVTEEQAK y7",157299,517091,28259,582233,246841,358984,404892,36195,408764,384873,144013,329638,503903,552665,354244,495115,330375,661902,360989,418209,302582,877649,763923,576633,787479,381721,724924,325860,883822,480282,584996,619187,151761,293539,752763,314691,242048,213225,97265,559756,155331,520303,367285,449838,310994,546767,588216
"SLTENFVTEEQAK y6",162523,560770,22673,616573,250798,384844,383875,49542,418478,383399,152117,323240,522492,567999,334856,555764,327824,675578,368271,390444,322679,932941,801456,562448,869508,406365,762349,343882,889628,484918,611927,646983,154289,301889,748924,326551,275410,221926,108138,594775,146109,518242,384708,500426,318642,543812,577500
"SLTENFVTEEQAK y4",33067,99723,4089,116788,53848,70932,85161,7996,75041,88040,30604,62879,105568,107686,68257,103081,63147,129015,68129,83702,60865,164086,154280,117878,157326,72261,151498,70836,175463,95885,112098,112025,34472,61516,150250,67856,54692,39418,23762,110538,36016,97246,68071,97963,74770,113713,110869
"SIQQSVENIR y7",308406,1943807,60824,1324794,744308,735953,821658,78278,962286,728348,349221,631363,1228036,1276083,696371,1299434,646058,1454377,678726,856399,583708,2393700,1834653,1131769,2234759,749572,2079809,667351,2113669,973233,1416898,1593731,339377,546201,1906507,705892,527865,482931,223291,1290960,356634,1173357,924076,1200490,620896,1243698,1409203
"SIQQSVENIR y6",283800,2139286,48505,1299192,716332,773709,828443,82057,917404,713238,361794,626424,1277762,1234772,702316,1288578,610507,1524171,620256,834134,586278,2514365,1962215,1146334,2231954,752422,2278650,662327,2240236,964965,1390540,1598419,308410,531670,1985273,670401,510436,460087,197526,1310079,353102,1264150,820121,1204939,633580,1158401,1350096
"SIQQSVENIR y4",128494,1075451,29887,615905,355761,346553,409357,36648,472468,367910,178449,332747,695350,592592,368092,648577,314232,759925,347136,429612,331908,1281043,939257,580305,1133555,392431,1100047,323113,1084875,493009,668165,828640,151449,267666,1048647,327125,262055,244443,100278,633203,187996,643485,418770,621693,309346,562303,709033
"DNVVVIGFFK y7",1268628,7551637,82703,5389176,3095675,2966592,2757963,1398931,3729411,2863497,1823341,2090125,5539128,8692852,3103684,7162258,3925452,5848738,4822617,5914770,3698743,8890784,10048665,7839740,7424395,3014142,10180022,4140386,9458179,5030836,7814702,7973434,1674700,3363864,8645563,4816930,2792595,3244263,1186612,4968348,1787468,4352748,4643543,4514377,2453078,5386355,5678178
"DNVVVIGFFK y6",859377,5620826,54057,3997005,2237283,2123338,1927756,944177,2688799,2096638,1262398,1462651,4005842,6479074,2203144,5297030,2782456,4325926,3488265,4307065,2635665,6721560,7430327,5703568,5604962,2095790,7519111,2930767,7043155,3672197,5572773,5920898,1159910,2348917,6539202,3452269,1979661,2345015,850996,3689311,1257671,3232527,3256213,3273236,1801110,3887004,4131930
"DNVVVIGFFK y5",243182,1526418,13818,1066523,600826,582571,507846,269304,720966,580802,359545,394567,1116479,1658985,583379,1401114,747361,1158596,901075,1135910,690562,1858986,2027765,1501906,1558754,575842,2043716,765393,1926027,929546,1475163,1606532,310312,650275,1815439,933514,530005,616733,204339,961828,350281,882421,878229,860729,458573,1014458,1140103
"MDSTANEVEDVK y8",286203,1488765,67107,1336616,1543671,681380,571603,259514,908797,578173,268715,682320,1330111,1961901,674458,2081849,812550,358910,871201,938984,729205,2111075,NA,1352698,2160329,659364,2014518,864752,2107644,1039808,1995919,2034512,178242,595140,2060866,755106,NA,497959,174176,1118173,370126,1132083,1130770,1073875,573086,1241589,1183719
"MDSTANEVEDVK y7",276322,1453486,64403,1267003,1407194,664626,559050,244616,839033,558131,250925,605753,1229383,1820427,591874,1973673,743270,191486,785892,877891,670335,2021065,NA,1212559,2108087,613504,2007457,815683,2042858,954658,1953532,1846339,146450,549834,2001904,692121,NA,449481,158410,1056402,349004,989938,1034280,969781,518973,1194020,1125233
"MDSTANEVEDVK y5",106251,607876,25295,506853,558975,254415,190256,84694,336991,223283,102489,227526,504757,710311,249161,797155,287369,129135,313577,344705,265385,823668,NA,506985,813681,263353,798596,309655,805060,382165,752749,729599,63012,231200,832725,269057,NA,195393,62631,423251,128642,408865,402261,407145,214592,472568,456975
"APGLPAQIK y6",133746,1014419,16697,601297,371443,247723,359440,34332,468415,306774,114202,223007,678507,564288,206812,945886,257889,471657,342922,367347,265305,866394,897001,406976,845665,218157,888000,205776,587920,335254,466020,680363,143067,194856,709274,272932,312212,278030,124890,604785,188289,778783,590543,531478,377368,587540,761090
"APGLPAQIK y5",2355419,18855988,253995,10573266,6598388,4012075,6292036,607227,8088577,5472032,1825630,3712566,12059317,9620782,3346807,16955050,4234286,8613457,6149814,6717816,4544924,15492203,15474237,6926349,14951171,3772234,15137668,3509992,9614847,5568690,7988344,11341404,2236103,3237307,12438625,3992849,5304412,4292075,1820621,10886525,3180367,14113084,10409221,9470033,6466473,10284055,13981313
"APGLPAQIK y4",42333,386106,4776,195702,119149,72267,105975,12022,150834,93365,29697,68300,242469,184257,51651,325386,79696,155129,103142,101255,68790,304469,308820,118570,289859,63015,308140,59665,175804,93085,154511,227924,35053,57196,247745,74906,92209,77914,26871,220483,56658,267616,190590,174942,111639,196074,276579
"MDVEGTLPEDLK y9",291609,1212041,12866,1168878,540512,464842,779958,60546,913755,548705,139913,260861,1048020,1124985,403976,1685513,471362,1003911,724055,846215,487664,1201296,1407336,701015,1238644,526766,1597897,399944,1561596,707113,1132776,1183353,122628,354080,1416926,428290,603437,526029,120588,1223577,315346,1371418,1506572,968465,700256,1249742,1697976
"MDVEGTLPEDLK y8",431818,2029533,18741,1883285,851004,704552,1270931,84324,1465243,824250,215269,404275,1637443,1844874,627822,2812553,720972,1593026,1114469,1337055,775905,2018702,2363563,1085556,1996095,830209,2691409,636214,2546910,1088578,1828695,1889624,195270,539675,2368449,674260,954651,817659,184310,2031113,533391,2253120,2462801,1558876,1075968,2093150,2787953
"MDVEGTLPEDLK y5",379717,1734641,20021,1622869,721417,639514,1044418,83015,1182482,711677,169821,349674,1422567,1504017,493024,2328332,564735,1329505,958393,1108572,688723,1630274,2021932,907911,1668053,736153,2287505,536138,2138437,910481,1538387,1631830,162600,447847,2037102,556370,775031,707567,157617,1739175,442909,1866920,2048077,1302080,881010,1678332,2358589
"GLGLGGVPGQNGK y9",593564,2047815,73069,1751792,1068395,956427,1391510,144094,1372729,1120569,458452,788412,1888984,1420731,739818,2483425,958727,1334087,1349801,1257113,957231,2235973,2230469,1331498,2105234,879031,2236040,765570,1652667,1284632,1404640,1818077,549319,703806,1907694,705843,1204897,1115357,415698,2083280,711520,2032595,1546883,1425175,1335733,1644253,2271945
"GLGLGGVPGQNGK y8",137989,471937,17344,374533,231101,226776,296777,36976,308458,259531,94724,161788,401932,324203,182709,547385,217526,306262,297883,301896,184172,512306,521426,298943,463498,232258,510323,157249,377410,279159,308541,407434,133067,141534,428138,168969,274057,232056,87796,457828,162511,465109,342784,324541,310238,348222,511644
"GLGLGGVPGQNGK y6",806025,2908575,86499,2270827,1438009,1292209,1733044,179570,1793906,1483228,601036,1081610,2485081,1859464,954276,3348622,1228537,1760247,1823496,1662939,1282541,3041707,3056187,1706885,2799303,1180800,3194377,1028160,2260897,1669414,1936493,2373188,734680,964876,2613954,848350,1609543,1404372,566420,2769917,932124,2771869,2048943,1881619,1815176,2114947,3119567
