"","GVVDSEDLPLNISR y11","GVVDSEDLPLNISR y7","GVVDSEDLPLNISR y6","EVVQSSAFVER y8","EVVQSSAFVER y7","EVVQSSAFVER y6","DSSTMGYMAAK y8","DSSTMGYMAAK y7","DSSTMGYMAAK y6","TTPSYVAFNDTER y8","TTPSYVAFNDTER y7","TTPSYVAFNDTER y6","NAVVTVPAYFNDAQR y12","NAVVTVPAYFNDAQR y11","NAVVTVPAYFNDAQR y9","IINEPTAAALAYGLDK y12","IINEPTAAALAYGLDK y9","IINEPTAAALAYGLDK y6","THGAPTDEER y7","THGAPTDEER y6","THGAPTDEER y3","ISLTGPHSIIGR y9","ISLTGPHSIIGR y8","ISLTGPHSIIGR y7","TIVVHADVDDLGK y9","TIVVHADVDDLGK y8","APNSFNLR y5","APNSFNLR y4","APNSFNLR y3","VLYPNDNFFEGK y9","VLYPNDNFFEGK y8","VLYPNDNFFEGK y4","TSFDAFPDK y6","TSFDAFPDK y5","TSFDAFPDK y3","IITRPFNVNGLLAYDSR y6","IITRPFNVNGLLAYDSR y5","IITRPFNVNGLLAYDSR y4","WLDESGVFLPEEHPSR y9","WLDESGVFLPEEHPSR y7","WLDESGVFLPEEHPSR y4","QSLLPFGATGPR y8","QSLLPFGATGPR y7","QSLLPFGATGPR y6","AGELGGSDPDYAMR y10","AGELGGSDPDYAMR y6","AGELGGSDPDYAMR y4","LYSYSDTHR y6","LYSYSDTHR y5","LYSYSDTHR y3","LTANIAGHLIGAQEFIQK y9","LTANIAGHLIGAQEFIQK y8","LTANIAGHLIGAQEFIQK y3","ALFIIDDK y5","ALFIIDDK y4","ALFIIDDK y3","QITMNDLPVGR y7","QITMNDLPVGR y5","QITMNDLPVGR y4","LVQAFQFTDK y7","LVQAFQFTDK y6","LVQAFQFTDK y4","AAQDNGLLTDVLAYK y8","AAQDNGLLTDVLAYK y7","AAQDNGLLTDVLAYK y3","ALELGLKPK y6","ALELGLKPK y5","ALELGLKPK y3","FNLWGGSLSLGHPFGATGVR y12","FNLWGGSLSLGHPFGATGVR y10","FNLWGGSLSLGHPFGATGVR y8","VVLVGDSGVGK y7","VVLVGDSGVGK y5","STIGVEFATR y7","STIGVEFATR y5","STIGVEFATR y4","AQLWDTAGQER y8","AQLWDTAGQER y7","AQLWDTAGQER y6","TVIEPMAGDGLR y9","TVIEPMAGDGLR y8","TVIEPMAGDGLR y6","MVTGDNVNTAR y8","MVTGDNVNTAR y6","MVTGDNVNTAR y4","LLDQVWPDLR y6","LLDQVWPDLR y5","LLDQVWPDLR y4","LNSGSVGVYR y7","LNSGSVGVYR y5","LNSGSVGVYR y4","SLTENFVTEEQAK y7","SLTENFVTEEQAK y6","SLTENFVTEEQAK y4","SIQQSVENIR y7","SIQQSVENIR y6","SIQQSVENIR y4","NNKPSDYQGGR y8","NNKPSDYQGGR y7","NNKPSDYQGGR y5","DNVVVIGFFK y7","DNVVVIGFFK y6","DNVVVIGFFK y5","MDSTANEVEDVK y8","MDSTANEVEDVK y7","MDSTANEVEDVK y5","APGLPAQIK y6","APGLPAQIK y5","APGLPAQIK y4","MDVEGTLPEDLK y9","MDVEGTLPEDLK y8","MDVEGTLPEDLK y5","GLGLGGVPGQNGK y9","GLGLGGVPGQNGK y8","GLGLGGVPGQNGK y6","SAMPLE","SITE","TREATMENT","BOTH"
"G001",314533,610961,1979306,1063284,1747459,440855,204205,300076,328194,33268,45674,17541,46461,96353,991754,1934869,361340,366013,18065,58297,13984,125375,136077,62126,85399,62455,311853,133249,86909,363598,28742,19633,210640,124268,198571,94481,88039,22744,28829,144632,36748,386791,12059,19966,326441,469476,93694,37565,45820,20615,58898,89037,48450,560385,550048,150244,258142,337688,418786,467521,253940,139652,47196,34920,25841,49141,58716,9846,6329,27258,65759,113786,22435,542714,252295,81106,220502,116828,44476,40544,158161,11043,41436,22476,22406,50539,130090,58418,141128,85603,124492,157299,162523,33067,308406,283800,128494,369885,16369,34052,1268628,859377,243182,286203,276322,106251,133746,2355419,42333,291609,431818,379717,593564,137989,806025,"G001","CI","Eelgrass","CI-Eel"
"G002",1600771,3516325,10838658,5193312,9009360,2331558,1350221,2089170,2213534,129257,195754,80361,297330,617158,5088041,8359440,1786300,2045801,0,0,0,981177,1252917,573038,739310,487710,1529126,642203,273066,2035595,225957,129228,1112972,664228,1079419,688763,694343,151616,250116,1257888,361545,3819158,191137,162985,1461820,2851461,441972,157740,197924,100650,223927,297501,216058,1776820,1840678,483800,1427666,1999831,2238011,1430804,759443,429353,209355,145008,91081,325989,336588,53022,51119,155823,443788,662936,164513,2387094,1069537,340868,944297,517349,247789,322295,1308997,101408,0,0,0,310924,724330,300262,819111,571547,805721,529017,602136,109807,1951551,2106470,1128034,0,0,0,7379266,5519306,1497333,1416442,1355375,522633,938083,17886138,355292,1157750,1967431,1700420,2274386,511439,3075990,"G002","CI","Eelgrass","CI-Eel"
"G003",24621,50524,181834,181507,272152,65419,37587,45302,53649,10029,13335,4749,4551,12859,128651,83572,14214,11820,3015,10013,1773,15261,21156,9505,9239,5272,64065,25491,15704,63733,3474,1617,45893,24339,46406,94,658,72,894,9246,1406,60326,2143,1866,68095,69104,17937,6320,6666,4230,2998,1036,215,103959,98350,26989,29875,51238,60827,64747,28580,20328,722.5,722.5,631,0,0,0,0,236,640,17598,7291,70326,34010,10020,49022,24353,9367,3523,20775,1600,12823,4541,4440,1012,6505,2022,33098,22668,34961,28259,22673,4089,60824,48505,29887,31702,1382,2169,82703,54057,13818,67107,64403,25295,16697,253995,4776,12866,18741,20021,73069,17344,86499,"G003","CI","Eelgrass","CI-Eel"
"G007",1318233,2713614,8640652,3870012,6731578,1705779,1090872,1767048,1942848,99050,175942,70836,175850,333607,2812939,5709847,1149038,1295846,51816,182343,46791,577647,673807,319819,458856,296259,1354173,649722,371468,1716274,195642,86905,1138954,688338,1120639,506530,452712,106660,181512,879458,269906,2987713,130780,137766,1265107,2094962,354949,181143,193397,119831,174697,244604,140614,1878897,2031788,495737,1322450,1827836,2097206,1055413,595526,321336,173845,106234,79930,157916,164050,36909,41213,115764,370111,581489,135834,2993958,1334690,435588,938053,497757,241470,165177,755213,51457,212715,130096,111506,169795,472641,186777,666189,462396,635903,582233,616573,116788,1324794,1299192,615905,1082235,44891,124838,5389176,3997005,1066523,1336616,1267003,506853,601297,10573266,195702,1168878,1883285,1622869,1751792,374533,2270827,"G007","CI","Eelgrass","CI-Eel"
"G008",683319,1384110,4340083,895146,1540452,384014,299483,493766,476604,41529,68783,26890,60843,139404,1297839,1159224,237541,271511,27574,111102,25586,394781,392874,200712,251766,154560,356947,152196,145467,1214552,124997,71163,673209,395827,635202,97633,83797,23924,84988,468160,128123,1803011,76504,78913,2409673,3560733,645749,252525,253858,126224,113307,165182,105526,786502,825614,198794,807970,1116085,1230883,149200,84517,44924,104788,63995,51136,184604,199069,43726,12227,46260,104859,331190,63908,2069999,980848,298972,597161,313572,144928,71757,282323,21056,79859,53616,77598,97654,214931,94436,300819,216970,297331,246841,250798,53848,744308,716332,355761,863629,35810,84536,3095675,2237283,600826,1543671,1407194,558975,371443,6598388,119149,540512,851004,721417,1068395,231101,1438009,"G008","CI","Eelgrass","CI-Eel"
"G009",747165,1476887,4627890,2540926,4145422,1061364,520635,787360,892695,90330,133868,54172,124520,217696,1866986,4226204,856423,926791,32358,89336,19539,242145,267332,131793,186500,102063,898561,436460,289850,941016,94605,52508,589603,325230,531931,337712,324476,73716,100047,515694,147517,1673057,69948,62996,550406,1050201,168022,74565,72001,35778,106991,140328,83033,1153173,1136811,277054,623936,804420,982031,858817,478082,266089,82355,55219,38212,95512,99948,21042,15859,63409,155638,270279,66297,1390603,674315,198974,624284,359977,168366,111632,450033,32892,130733,91538,92389,137697,376464,136667,395755,297006,403549,358984,384844,70932,735953,773709,346553,584524,23601,68780,2966592,2123338,582571,681380,664626,254415,247723,4012075,72267,464842,704552,639514,956427,226776,1292209,"G009","CI","Eelgrass","CI-Eel"
"G012",65084,126501,437760,199285,326353,86969,37346,58826,53843,14978,25285,7728,23548,55062,443349,1290197,259665,268403,0,0,0,41802,56541,27881,30312,21126,385155,184315,458491,422714,44219,20069,226981,132166,217768,45219,52448,19643,16374,87806,23533,230256,9451,9326,264858,921650,68694,48916,49759,24582,62340,88575,49102,298524,307085,78207,136508,172697,224434,257916,134888,68154,21354,11513,9183,42305,22421,7603,2027,9548,25702,40097,16214,241553,113741,37652,113437,59488,26205,38040,142859,9678,31858,17050,30183,63405,155065,64695,48937,28013,42858,36195,49542,7996,78278,82057,36648,0,0,0,1398931,944177,269304,259514,244616,84694,34332,607227,12022,60546,84324,83015,144094,36976,179570,"G012","CI","Bare","CI-Bare"
"G013",987740,1910000,6176002,3556501,6138959,1531093,901001,1479904,1514402,119164,206708,87017,116113,239037,2105973,5552368,1119977,1229493,48414,199695,40193,396309,474276,220282,302722,197856,1150366,487286,307073,1051138,106363,63862,680653,396378,635073,292743,275078,73724,78312,404236,126910,1764122,78645,81199,820589,1328285,236736,109294,129328,58851,156143,211457,125752,1248318,1279961,325857,934912,1190780,1395824,1146161,631028,332329,107022,74904,48201,168179,144501,20772,25172,82806,249113,375390,94052,1636808,753075,215712,527774,313578,131054,149135,614305,43343,124192,73907,71564,138971,361977,140457,486874,305144,478405,408764,418478,75041,962286,917404,472468,795365,31451,78099,3729411,2688799,720966,908797,839033,336991,468415,8088577,150834,913755,1465243,1182482,1372729,308458,1793906,"G013","CI","Bare","CI-Bare"
"G014",754026,1499522,4903490,2608700,4423625,1076635,470005,714759,788028,78870,126802,51276,147955,240555,1987449,4609038,930555,1045532,30432,116455,27790,249191,306568,154592,153301,86937,813299,399548,205664,890318,85285,55662,551065,310996,525163,255865,242743,63609,72235,368517,98156,1115161,50446,48169,447362,869171,128530,72490,70319,46001,121380,131441,79306,1107750,1129397,277660,547051,737176,889992,910570,510118,253875,76673,45951,32703,62092,65488,8574,13755,49626,144093,241050,60320,1337400,652391,206965,552211,281914,142588,93249,349514,17816,111547,46458,52427,116906,269351,116388,394023,290318,414230,384873,383399,88040,728348,713238,367910,694870,35288,68762,2863497,2096638,580802,578173,558131,223283,306774,5472032,93365,548705,824250,711677,1120569,259531,1483228,"G014","CI","Bare","CI-Bare"
"G015",370741,679673,2261497,1235625,2004462,517010,167027,258141,299087,33759,46446,15933,65954,124563,1105554,2146227,416309,448006,30620,95707,21217,100769,132363,57193,130802,93361,474651,237834,189091,518938,52789,32998,251542,153158,241143,119404,130421,39585,32695,167721,45469,563660,21710,26936,287707,785264,75747,42294,39951,29003,61883,83430,58403,510300,520991,133914,284300,365015,433131,455633,242140,127378,42231,25068,20560,53974,59395,8320,9460,22824,67131,138715,30290,737188,331847,109717,341379,165957,72622,58960,231753,20553,86554,46226,51511,89734,219608,94608,187790,125507,180621,144013,152117,30604,349221,361794,178449,465401,18857,52086,1823341,1262398,359545,268715,250925,102489,114202,1825630,29697,139913,215269,169821,458452,94724,601036,"G015","CI","Bare","CI-Bare"
"G017",1172389,2400880,7645407,3662459,6438165,1619856,1016707,1539532,1698212,98521,166517,55805,226217,367847,3096484,7326807,1493224,1682846,25465,98952,16588,514555,636894,302038,479815,315130,1129302,547677,404817,1433156,153548,96357,914160,551281,892452,351254,348598,76235,114908,556849,176617,2290926,99359,103394,1154766,2151362,356602,188711,197801,106095,242687,311133,187006,1614829,1749938,437307,1358162,1888584,2167696,1378692,695443,422434,108398,65066,52766,194532,176179,41686,34520,110661,310812,481166,115661,1811547,831564,266050,729459,441031,200126,226111,923859,63917,203457,127797,115669,242522,569101,255163,622785,410727,593077,503903,522492,105568,1228036,1277762,695350,711673,31904,80154,5539128,4005842,1116479,1330111,1229383,504757,678507,12059317,242469,1048020,1637443,1422567,1888984,401932,2485081,"G017","CI","Bare","CI-Bare"
"G031",1458412,3043093,9411402,3784825,6481062,1647697,1177484,1866316,1900822,138840,237378,79860,214126,520354,4385235,9086862,1948326,2169633,90939,276726,60129,507854,638942,285947,411908,288293,1358514,633433,314560,1650049,176595,91004,1021379,600317,1012985,442921,427748,95662,129088,673343,178955,2849309,129022,119162,982296,1363896,259772,175756,211957,113626,184694,232446,145433,1580467,1749394,441521,1279573,1799466,2153384,1208580,660687,355857,215481,132928,90456,274686,281011,52118,56820,158900,449358,559987,114805,2465981,1165076,334422,582800,321654,157114,183202,732767,47143,159143,85455,87880,158780,412636,180061,583236,410329,594217,552665,567999,107686,1276083,1234772,592592,1873891,75402,199437,8692852,6479074,1658985,1961901,1820427,710311,564288,9620782,184257,1124985,1844874,1504017,1420731,324203,1859464,"G031","PG","Eelgrass","PG-Eel"
"G032",858866,1637016,5276574,3148782,5312374,1301976,671330,1022328,1048748,75981,121155,44073,112219,234697,2133939,5147668,1064335,1100872,17193,51754,8037,149361,153150,84149,116783,73493,703274,324943,155788,799171,79930,41703,422354,241187,411604,244381,232063,53469,73463,360305,86435,1269150,59689,60204,343096,495465,75267,54097,50683,31840,79136,105251,60315,1047685,1050885,242494,551154,683910,863841,818351,421764,230593,71825,51387,31149,76998,94874,13210,13614,56183,153189,246949,50761,1026231,486325,152917,457769,236528,99239,65028,282562,20166,92774,48322,48005,104268,230333,103014,406936,288469,387621,354244,334856,68257,696371,702316,368092,522805,27568,47599,3103684,2203144,583379,674458,591874,249161,206812,3346807,51651,403976,627822,493024,739818,182709,954276,"G032","PG","Eelgrass","PG-Eel"
"G040",1727995,3784635,12040402,5318982,9218471,2343653,1475401,2417452,2632608,107512,161650,67129,217637,520153,4688636,8934777,1891331,2100588,33228,94092,27456,389799,498775,235944,431125,276513,1456671,699074,394822,1469379,154735,93808,956035,559902,905289,302788,283000,64515,102682,559091,148937,2385851,119810,111234,1286827,2010056,343913,178551,202513,106549,187234,233185,145898,1439680,1516162,369132,1187918,1578230,1831879,1261685,662217,363944,225108,127427,102699,273268,292847,71577,55132,158815,447790,530902,124447,2025056,957919,270847,761377,441816,198299,175451,771037,46759,176352,110675,107666,174207,457222,162348,610950,423488,587964,495115,555764,103081,1299434,1288578,648577,1597020,69772,166159,7162258,5297030,1401114,2081849,1973673,797155,945886,16955050,325386,1685513,2812553,2328332,2483425,547385,3348622,"G040","FB","Bare","FB-Bare"
"G041",975665,1988687,6343204,3602202,6130112,1527973,822157,1329834,1387213,102081,159795,67853,193930,378394,3275863,6881449,1399757,1563719,13653,45861,7910,136984,168032,84610,111146,75168,711146,308989,153773,822013,80625,44688,449269,253519,431979,182606,178059,45824,58118,299714,75602,925808,38312,37853,337920,563030,95835,48776,56288,26421,87048,114404,62615,1117238,1106444,268217,547807,703195,852441,860008,451920,233393,118114,69869,54830,91424,101619,24726,31353,78806,214882,224299,54492,1199634,568467,152787,487701,251251,128275,83694,328744,23826,97576,50794,53964,109868,282377,114172,428532,280348,378472,330375,327824,63147,646058,610507,314232,466700,21031,53551,3925452,2782456,747361,812550,743270,287369,257889,4234286,79696,471362,720972,564735,958727,217526,1228537,"G041","FB","Bare","FB-Bare"
"G042",1838488,3837091,12249813,4359673,7410154,1860790,1409784,2274058,2396891,171111,294113,125531,219494,458100,3980204,10109477,2116084,2478914,0,0,0,372171,473154,208402,388729,232746,1195487,541130,286502,1375174,155702,76724,794031,449696,815454,185180,176513,50748,83497,393721,112374,1454112,69637,55952,852297,1202818,223366,0,0,0,160657,207667,123521,2137010,2243908,594071,1273775,1648015,1919854,1234532,712059,380518,241992,142009,102641,216524,239681,53830,53378,148445,426871,641929,145735,2472081,1153833,335747,615734,347345,158703,125009,568401,42865,0,0,0,186592,494970,205217,703139,530923,706130,661902,675578,129015,1454377,1524171,759925,0,0,0,5848738,4325926,1158596,358910,191486,129135,471657,8613457,155129,1003911,1593026,1329505,1334087,306262,1760247,"G042","FB","Bare","FB-Bare"
"G043",1123765,2169742,7065219,2861741,5162022,1278570,498716,769479,823706,80036,111627,42926,223266,439948,3587624,6604507,1286000,1446900,22317,52740,12652,201390,251485,124675,147383,92511,739148,334544,169111,916021,84957,52082,585185,345162,533202,239499,257161,57658,88808,410923,116681,1225051,53697,52799,314380,522324,91245,54026,63753,29859,79435,103465,53653,1153390,1193320,291944,673944,855363,1034034,943071,519962,290739,132788,80456,55605,121958,105931,21586,26675,78350,232369,228723,58333,1366344,631571,202818,575412,303656,144866,95718,355758,27993,93911,57267,46796,116625,278180,106384,352249,240051,330096,360989,368271,68129,678726,620256,347136,1086385,36905,102071,4822617,3488265,901075,871201,785892,313577,342922,6149814,103142,724055,1114469,958393,1349801,297883,1823496,"G043","FB","Bare","FB-Bare"
"G045",1328818,2687765,8929614,4039724,6902111,1758610,676030,1031708,1118585,107988,204479,73195,229312,481771,3898138,7874162,1611366,1812052,1632,8149,3503,249436,279751,141811,189434,132528,1039787,476292,253361,1090547,111640,63091,630677,355743,591009,314508,307480,69712,92804,480976,154563,1528802,73316,76212,383016,527339,102447,46773,45845,23853,103829,127707,90387,1456312,1511896,357681,753245,1017324,1234701,1163010,635855,351978,147129,92100,60543,173049,174634,36337,38864,128296,318621,324327,88357,1547193,717391,212994,438284,232682,118500,85381,378647,31733,98363,44543,36741,89727,262304,101000,456938,308140,439136,418209,390444,83702,856399,834134,429612,252325,8899,27445,5914770,4307065,1135910,938984,877891,344705,367347,6717816,101255,846215,1337055,1108572,1257113,301896,1662939,"G045","FB","Eelgrass","FB-Eel"
"G047",974459,1884468,6047505,2668249,4442289,1124735,521077,785532,839748,60606,92929,35050,166987,290476,2692040,5280474,1055032,1194270,8023,24603,5906,131902,156416,81777,92071,49084,651315,311012,144260,633344,59819,40444,425835,250309,401467,101645,107330,31684,38692,171585,53056,543190,26355,29750,290344,468469,78711,28413,28511,14838,66256,89105,46990,1021928,1066875,267649,575830,747448,892622,813859,432832,233613,97138,64267,37636,112265,106346,24511,23220,72048,182994,226257,50983,988741,481440,142662,367384,206069,86167,67594,300701,23527,58983,35197,31847,86141,229066,92913,288303,205756,275603,302582,322679,60865,583708,586278,331908,652410,27722,66566,3698743,2635665,690562,729205,670335,265385,265305,4544924,68790,487664,775905,688723,957231,184172,1282541,"G047","FB","Eelgrass","FB-Eel"
"G049",2446330,5324984,17420846,9373297,16763781,4441369,2173563,3537141,3833974,208721,333044,129755,406595,832984,7280116,13468188,2978011,3411803,33494,120724,28764,569790,718353,339065,475286,328021,2100745,954306,533255,2021091,231612,125818,1140601,705525,1155750,530011,480394,110854,174538,923661,268680,3142785,138393,149871,1063941,1566900,280821,117084,145904,69962,173617,228764,149712,2460853,2686461,686100,1688232,2368074,2767699,1538634,882923,451895,349418,195087,140809,382681,377521,74206,69568,214567,632447,764950,171026,2844647,1320455,381894,916474,516059,217553,234307,983314,55375,255102,164827,158668,206030,535601,214982,1248465,867738,1231403,877649,932941,164086,2393700,2514365,1281043,2702624,108379,281248,8890784,6721560,1858986,2111075,2021065,823668,866394,15492203,304469,1201296,2018702,1630274,2235973,512306,3041707,"G049","FB","Eelgrass","FB-Eel"
"G053",2142526,4652995,14674784,6171362,10880385,2749382,1910444,3163572,3332870,215440,337508,127430,411215,780719,6684604,12781063,2806997,3309395,0,0,0,607062,683504,324680,507360,313446,1829737,809766,441223,1913033,207832,127995,1175223,739335,1120777,562362,516894,115910,195971,1005266,322225,3318655,159090,142756,1239206,2093006,352335,0,0,0,206588,228691,150257,2550906,2873228,728523,1824018,2565473,2876659,1559625,853200,473428,263441,180090,116775,357742,345428,61344,89577,239661,664698,743762,169831,3942257,1877250,567508,970957,537222,261859,217936,1013911,73774,0,0,0,247894,620520,228096,6559,18675,8109,763923,801456,154280,1834653,1962215,939257,0,0,0,10048665,7430327,2027765,0,0,0,897001,15474237,308820,1407336,2363563,2021932,2230469,521426,3056187,"G053","FB","Eelgrass","FB-Eel"
"G054",1425588,2926253,9172498,5478017,9563714,2398916,1204324,1840427,1965499,104889,181799,54646,185170,442238,3812162,9688607,2069563,2258645,28644,88093,26633,216221,276787,124331,208228,136183,1098601,547275,221996,1159994,132777,67231,723392,409655,673634,324776,318535,82399,104451,494480,132682,1717445,93259,77975,446223,617448,104213,60637,70407,40231,86687,122469,95595,1651622,1694977,441329,814255,1142550,1319127,1130495,604169,316707,167923,98364,78061,169051,164545,26242,36305,129985,340600,384104,98669,2158870,965178,290045,851485,456478,212358,99774,456300,25218,134734,60859,78772,153069,390047,160291,659630,426035,591303,576633,562448,117878,1131769,1146334,580305,1260822,52245,149360,7839740,5703568,1501906,1352698,1212559,506985,406976,6926349,118570,701015,1085556,907911,1331498,298943,1706885,"G054","FB","Eelgrass","FB-Eel"
"G055",2329747,4994925,15914207,6945679,12584695,3300113,2186426,3519685,3896779,187412,311381,122239,362699,738542,6236851,13188095,2803794,3293263,0,0,0,535926,685272,306874,464210,288162,1696721,795090,421225,1719875,185469,110950,1081263,656573,1027654,415392,358093,73380,134426,681751,221330,2491371,115989,102091,1008689,1625918,298966,0,0,0,164476,217696,127170,2547175,2950934,766559,2000603,2764721,3242106,1717104,953698,551393,299799,178537,137805,378585,373286,54236,70904,239279,672713,719147,154511,3042890,1401266,407968,902895,561965,243500,215221,952169,63140,0,0,0,192013,502363,209654,1192244,788039,1145163,787479,869508,157326,2234759,2231954,1133555,0,0,0,7424395,5604962,1558754,2160329,2108087,813681,845665,14951171,289859,1238644,1996095,1668053,2105234,463498,2799303,"G055","FB","Eelgrass","FB-Eel"
"G057",1008201,1989929,6614110,3749987,6442243,1614922,784182,1179858,1257144,111633,178353,75972,203456,401718,3182415,5967085,1197100,1285175,0,0,0,173266,187998,101879,140962,93246,842856,418102,194029,896687,79344,45176,553941,303583,494824,212633,205761,46161,69758,332290,93013,1031354,49968,51348,344793,542485,103940,9737,19324,11721,74631,96523,62051,942015,907457,213101,623235,787968,933768,781039,406500,222239,119760,74672,56966,122878,138320,20108,18827,60163,164271,285713,63835,1151850,582518,168035,481027,276230,123565,68924,259899,16285,0,0,0,94492,222344,99534,385704,296814,395791,381721,406365,72261,749572,752422,392431,0,0,0,3014142,2095790,575842,659364,613504,263353,218157,3772234,63015,526766,830209,736153,879031,232258,1180800,"G057","FB","Bare","FB-Bare"
"G060",2304865,5067930,16022593,6270387,11226223,2935850,1657420,2761402,2971449,173188,303678,101489,347393,678375,5784408,11499677,2444636,2888313,19361,70702,14654,635239,822963,361091,534295,367822,2024078,892934,489468,1858000,211684,138781,909851,562220,934431,394168,414805,95342,150348,701789,209680,2488261,111964,117316,984120,1479376,278060,158027,189333,100980,149916,206474,128062,1755857,2051623,559932,1718150,2458447,2749415,1317443,705285,383465,280653,174499,122813,362563,375857,69532,88386,218687,625484,608493,173730,2844345,1303823,435728,892328,474898,245036,204909,892509,67154,215534,130137,117513,191536,474108,189604,1069073,772689,1099507,724924,762349,151498,2079809,2278650,1100047,1416447,60916,152359,10180022,7519111,2043716,2014518,2007457,798596,888000,15137668,308140,1597897,2691409,2287505,2236040,510323,3194377,"G060","FB","Bare","FB-Bare"
"G062",759729,1523581,4869397,3244120,5359131,1425919,553840,863299,949492,143711,224639,91789,146844,276158,2346070,4980659,1003502,1055766,16760,63438,15299,157936,175331,95118,138779,85095,616628,273278,128489,641753,51811,44395,426683,250051,381436,256871,218279,66556,75410,338318,82637,995773,39955,46137,289192,424808,89153,36601,39572,22482,77312,84439,66747,845807,808986,202758,441180,554961,705302,721482,385984,211142,74525,47419,39540,85748,88214,12393,17456,50688,148418,269897,57475,1161474,556963,152552,480396,280477,121073,63027,274060,22044,78449,48002,40676,82668,210191,91390,384373,279568,362489,325860,343882,70836,667351,662327,323113,827714,34357,93016,4140386,2930767,765393,864752,815683,309655,205776,3509992,59665,399944,636214,536138,765570,157249,1028160,"G062","PG","Bare","PG-Bare"
"G064",2190002,4654351,15014637,8813054,15528642,4074161,2454122,4010789,4350084,241886,406558,145191,346366,686530,5939800,13718861,2955495,3441681,34813,97782,30768,563104,688497,317818,466150,320872,1256562,544437,285322,1675642,177639,99860,1038793,590562,969907,339287,286343,74813,117923,574384,152944,1908974,96852,79168,802613,1116737,234205,128753,138323,84656,156910,210068,129529,2280377,2563138,661857,1690394,2329521,2694863,1374157,754553,408694,229907,142090,95783,228322,248371,43408,49213,161953,448771,659385,158799,3504911,1644727,496419,1103873,613221,273538,189073,772039,62990,180296,109028,118433,160828,432266,161930,1065085,747002,1077701,883822,889628,175463,2113669,2240236,1084875,1195922,47414,122835,9458179,7043155,1926027,2107644,2042858,805060,587920,9614847,175804,1561596,2546910,2138437,1652667,377410,2260897,"G064","PG","Bare","PG-Bare"
"G066",1353852,2686775,8536509,4646912,8045263,1996563,874354,1375540,1409194,99259,166882,73064,190249,392642,3458883,8075449,1658207,1844838,27911,108849,22999,250492,298984,148781,180083,125640,946438,420280,224803,897514,93218,54990,595388,324830,526510,338807,334495,71628,94546,502865,145473,1757743,76633,63671,533289,698365,136561,63445,50721,33458,120826,144636,89508,1156543,1188572,287316,737312,1014494,1171381,1038192,554369,300769,141979,83431,62981,140583,143288,22106,33541,109568,298835,342826,70006,1693333,794380,235647,681309,357753,165988,93405,392483,23556,124695,76368,75225,137447,303669,123501,566449,373285,548493,480282,484918,95885,973233,964965,493009,1252899,62177,139622,5030836,3672197,929546,1039808,954658,382165,335254,5568690,93085,707113,1088578,910481,1284632,279159,1669414,"G066","PG","Bare","PG-Bare"
"G070",1561188,3337386,10488066,5744308,10163298,2584122,1698592,2666670,2925074,179074,289921,100783,203108,480554,4332514,10204618,2234795,2420975,0,0,0,478865,581677,280895,386292,254958,1246576,591632,279668,1190465,132862,75200,790727,461469,723817,360572,354516,81396,120477,582672,148332,2230830,101893,90380,980902,1453999,267800,0,0,0,149985,223665,133792,1510490,1565348,394523,1166333,1557220,1825042,1330234,724329,405039,192435,101422,65043,247103,256984,45668,47278,147475,437104,649374,161366,2665077,1227586,364765,864435,504091,220789,170081,697456,49048,0,0,0,161050,430274,166345,793474,549514,782690,584996,611927,112098,1416898,1390540,668165,0,0,0,7814702,5572773,1475163,1995919,1953532,752749,466020,7988344,154511,1132776,1828695,1538387,1404640,308541,1936493,"G070","PG","Bare","PG-Bare"
"G071.A",1343022,2702285,8764302,5555612,9631441,2523590,1523507,2423180,2620555,183670,302895,113321,203788,455238,3739062,9303972,2014894,2177917,39846,132844,39947,691677,870183,386937,624463,410015,1510829,669605,422487,1921516,205526,113153,1156305,706422,1194658,371485,345591,79608,119091,639114,171943,2327698,112758,106942,1065830,1670015,300976,167430,183350,108880,144235,180009,113698,1668932,1762751,466427,1374587,1884036,2185427,974650,563085,297858,254699,151400,109973,299501,315679,62126,63533,203623,557428,742834,191418,2969825,1424815,423735,958777,515150,226705,211100,868184,52554,218040,139346,134620,177202,485236,176718,911934,657968,942802,619187,646983,112025,1593731,1598419,828640,1207895,50609,117487,7973434,5920898,1606532,2034512,1846339,729599,680363,11341404,227924,1183353,1889624,1631830,1818077,407434,2373188,"G071.A","PG","Eelgrass","PG-Eel"
"G071.B",430071,819360,2623539,1647886,2687289,685423,106487,157789,163020,54168,80720,29883,88345,157938,1511350,2711865,529509,541277,11990,46011,9851,84702,108376,57597,70451,39565,279464,144074,60474,339002,24008,17547,182784,99041,166247,108893,102180,22172,31898,150266,39466,475012,17366,20148,112308,159692,29712,47358,35301,16747,42184,48678,22111,540208,522972,125177,221618,262253,371107,465639,235185,129112,51746,29994,22695,49758,49464,11965,9459,22206,56519,129179,28572,462581,224252,70443,229832,128416,54545,21868,77927,5882,33243,20988,28594,47933,119327,53056,177859,125110,186413,151761,154289,34472,339377,308410,151449,352568,14047,36477,1674700,1159910,310312,178242,146450,63012,143067,2236103,35053,122628,195270,162600,549319,133067,734680,"G071.B","PG","Eelgrass","PG-Eel"
"G074",747257,1480319,4697035,2230147,3729456,926594,475413,685489,731458,85616,153936,68761,159388,273323,2215936,4754414,970891,1044818,7927,27472,5335,88625,106860,63994,80828,55047,527347,241490,122340,696914,57823,40934,367111,199933,333352,198827,211166,49069,55982,281737,87017,906889,37861,38006,233788,379135,62315,47561,36173,21142,86306,90570,60924,959236,993414,229628,450250,570312,702881,827410,413484,241387,78029,46258,35061,56512,62332,9402,21675,55367,165348,248067,42658,914077,442414,145453,378443,196873,84056,51044,224025,16492,62479,33564,50031,86462,203411,87812,340785,209674,299651,293539,301889,61516,546201,531670,267666,355909,14856,38140,3363864,2348917,650275,595140,549834,231200,194856,3237307,57196,354080,539675,447847,703806,141534,964876,"G074","PG","Eelgrass","PG-Eel"
"G079",2052848,4622060,14886697,7219750,13010634,3355246,1719785,2765750,3131346,167437,258727,100357,351498,618453,5070330,9662561,2072364,2443083,30243,94783,18947,626595,781970,364646,575493,363688,1642369,714727,423115,1730536,199685,112628,870273,530156,898330,296774,285440,73867,94401,488679,149051,1930201,87275,93809,1350074,2168618,425443,142243,164347,82111,208605,230480,162263,2143386,2395879,649468,1623938,2367703,2625473,1489084,841609,458982,239862,166980,111616,355554,365315,71695,93985,238663,696392,746464,181727,2832594,1351645,408020,880436,522067,254433,205188,910296,63402,214458,141205,132449,190774,490058,196540,1092114,749268,1074250,752763,748924,150250,1906507,1985273,1048647,2497626,100556,270232,8645563,6539202,1815439,2060866,2001904,832725,709274,12438625,247745,1416926,2368449,2037102,1907694,428138,2613954,"G079","PG","Bare","PG-Bare"
"G081",989303,1988732,6350518,3191279,5401735,1386982,487257,720300,804859,99791,166235,68607,146974,311569,2762101,6378075,1256188,1393683,0,0,0,203704,254951,131736,213464,121534,800968,395546,184643,797709,75732,42326,509618,277604,470987,187871,172636,52355,59338,258582,82097,867988,42331,39719,343155,467028,85370,60191,67893,36298,88999,127548,76235,1085562,1068106,278005,579359,734382,941075,916736,469358,253544,127794,75350,50034,157209,137892,27833,29540,95470,257253,315441,67431,1303820,639723,187009,489268,251855,119136,59176,259909,21235,57553,33987,37986,83283,248378,96255,399376,311796,419472,314691,326551,67856,705892,670401,327125,0,0,0,4816930,3452269,933514,755106,692121,269057,272932,3992849,74906,428290,674260,556370,705843,168969,848350,"G081","PG","Bare","PG-Bare"
"G104",661374,1270501,4066916,2377836,3925405,973792,455453,689137,756392,85130,138690,60826,107848,212206,1806133,4062213,768545,820385,0,0,0,201895,226076,106924,162916,104425,641258,328520,148072,661598,60783,43592,427167,252738,386245,186006,170493,44413,57052,245790,68417,718697,35082,39004,310724,504281,76548,0,0,0,63522,92634,60104,735698,738361,176900,413036,524606,646748,583745,277494,173683,90762,53537,39523,82035,84482,17791,17685,60934,155080,274211,68573,1068471,499411,152526,485168,273645,109644,63549,237881,21020,0,0,0,88636,220601,86840,0,0,0,242048,275410,54692,527865,510436,262055,0,0,0,2792595,1979661,530005,0,0,0,312212,5304412,92209,603437,954651,775031,1204897,274057,1609543,"G104","WB","Bare","WB-Bare"
"G105",582536,1157511,3737252,1976432,3228858,772599,369947,548486,545855,91753,142753,48246,126848,237857,1966064,4403393,867828,934177,28459,84204,25131,195787,207602,106026,154045,99539,610093,290818,156510,761056,77445,35347,373144,202024,343758,175768,169058,44917,50480,267631,68760,844307,37839,39765,403451,738337,97979,57254,47815,25772,95747,112056,74914,920960,960214,231058,471269,601165,731064,634856,348599,178491,85659,48125,31314,87036,85402,16193,21647,50022,160045,202483,49488,979110,419588,134938,437972,246236,104296,58622,255938,12288,80513,46331,37684,102471,306094,115052,239845,159377,210009,213225,221926,39418,482931,460087,244443,769041,36845,90181,3244263,2345015,616733,497959,449481,195393,278030,4292075,77914,526029,817659,707567,1115357,232056,1404372,"G105","WB","Bare","WB-Bare"
"G109",241083,478945,1590136,873474,1402411,349484,97049,126286,152172,36792,49187,24200,56768,113281,1064521,2124103,428600,459608,22759,82482,20329,152866,167326,89299,110520,67632,292157,134462,81266,332003,32486,22711,162381,83394,155316,85368,79069,23616,18435,121069,26545,400722,18055,23147,174035,299647,34175,51791,43862,24610,49800,67194,40670,588576,582872,149230,275252,337913,418377,432899,243323,129335,44825,29970,21578,46183,45438,8904,7349,16001,49738,100616,21641,397636,182976,67686,222370,133079,56688,26512,98982,6359,51132,19615,31360,47722,120527,62505,127147,90478,119826,97265,108138,23762,223291,197526,100278,311452,15161,28414,1186612,850996,204339,174176,158410,62631,124890,1820621,26871,120588,184310,157617,415698,87796,566420,"G109","WB","Eelgrass","WB-Eel"
"G110",821727,1653342,5211244,2901758,4853134,1160174,497274,768036,836579,99231,149720,57210,101733,229076,1992285,4852968,1009111,1037664,41464,158455,36903,349267,389457,183842,230384,137005,1034510,487970,221288,1068830,118238,53806,721587,398379,616953,239553,208695,52559,63914,323873,81665,1218555,50248,53663,470403,782721,107894,50739,61275,31684,101415,111395,62535,1199985,1240675,275091,716237,917138,1104758,988023,545002,283359,88330,56111,37877,101537,101946,22820,23541,54278,159849,251109,56080,1259448,586459,186519,532472,285842,128659,122377,474375,27257,135467,78225,83340,151415,388530,157249,484549,322096,433102,404892,383875,85161,821658,828443,409357,674082,28669,70832,2757963,1927756,507846,571603,559050,190256,359440,6292036,105975,779958,1270931,1044418,1391510,296777,1733044,"G110","WB","Eelgrass","WB-Eel"
"G114",1254593,2620848,8239565,4175801,7257976,1815666,1009484,1565853,1648461,227219,385237,126626,207787,380337,3118043,7199023,1484149,1671971,0,0,0,599593,746052,343040,489537,349341,1415168,670347,395317,1535311,152397,99694,959130,578802,949072,420205,369239,94149,120797,653063,182125,2367465,99537,107495,885400,1425824,257711,104891,126569,61084,202048,217811,118377,1530395,1669918,409150,1192511,1653810,1913334,1193867,639065,374615,142525,93617,67285,157852,155628,28274,43980,115822,332508,402585,104624,2459326,1134618,351014,828402,470291,221472,166814,700626,55169,160230,104481,90459,176411,444771,180915,593521,418717,610369,559756,594775,110538,1290960,1310079,633203,0,0,0,4968348,3689311,961828,1118173,1056402,423251,604785,10886525,220483,1223577,2031113,1739175,2083280,457828,2769917,"G114","WB","Bare","WB-Bare"
"G116",436765,815609,2517330,987582,1631614,407102,263555,374600,418805,74189,121910,52928,62732,135489,1198382,2461945,468202,481254,16167,55022,12126,134663,166677,78715,147581,100270,353917,160963,76468,407463,39646,27116,210580,113985,209959,72381,67211,17953,17667,94924,25507,272548,14671,20812,217413,322559,64822,29947,32936,14927,51219,81680,45384,623050,588965,141412,267337,351751,411175,534825,254298,142852,33775,23153,15094,40162,34253,5276,4638,21225,64803,115761,29310,427684,206436,54642,206820,113561,51267,25448,108898,10566,25506,13863,18305,40422,101470,43774,183515,123117,181128,155331,146109,36016,356634,353102,187996,290686,11751,33152,1787468,1257671,350281,370126,349004,128642,188289,3180367,56658,315346,533391,442909,711520,162511,932124,"G116","WB","Bare","WB-Bare"
"G120",1501808,3157734,9747394,3969099,6825041,1729247,985339,1579906,1740511,189877,320172,128448,214695,440351,3811879,6782910,1449636,1589977,86676,299307,61506,638255,785817,380456,645575,451861,1342190,587633,369905,1456587,160919,86693,939521,537890,945624,364385,345115,68333,120656,581775,174854,2726470,119037,136916,969344,1802629,282089,94540,111597,57993,120795,142748,103559,1304784,1364350,365794,1219387,1665943,1886537,800295,431177,259178,205227,106447,78314,266521,247789,42480,41210,148063,395789,524587,127775,2979930,1368341,404015,938623,541540,254068,186718,790987,54426,171169,115022,127687,198412,433806,179709,632258,412885,610655,520303,518242,97246,1173357,1264150,643485,1209911,56666,141106,4352748,3232527,882421,1132083,989938,408865,778783,14113084,267616,1371418,2253120,1866920,2032595,465109,2771869,"G120","WB","Bare","WB-Bare"
"G122",1126921,2293395,7236141,3094142,5206107,1366446,953231,1527740,1601733,183154,269602,100772,198890,407374,3555206,6513154,1340254,1500819,103913,316104,69220,484759,551137,258443,371694,237080,1123985,542650,347630,1675582,177136,114190,945438,558254,911558,338379,309956,71912,115759,593490,177510,2493015,113300,109332,743054,1259115,208456,126396,143817,67260,142555,161007,98463,1326128,1433038,341370,1105432,1483115,1714393,1025851,560431,321130,175169,109896,77411,165321,173634,40711,44815,112554,311415,456000,97141,1904270,932778,262850,776269,427707,184849,123561,512114,32747,156603,92999,94364,175019,459195,185250,446776,300398,442672,367285,384708,68071,924076,820121,418770,1166626,51096,119915,4643543,3256213,878229,1130770,1034280,402261,590543,10409221,190590,1506572,2462801,2048077,1546883,342784,2048943,"G122","WB","Bare","WB-Bare"
"G127",1189673,2411904,7507701,2302575,3904433,1022398,822092,1191936,1315800,140489,234481,96359,179768,360053,3149939,5096676,1046583,1209801,39312,120499,33274,652773,820631,378996,603298,390856,1589218,728293,445620,1417339,150980,89121,917164,575557,894290,257403,258822,62882,76069,353178,101804,1847494,78596,86202,913988,1684777,282414,113205,112290,61657,95153,127292,101212,1146083,1182842,320259,1249134,1716340,1919015,533441,305041,163376,168626,87595,66603,207327,188167,39855,26323,78143,205122,444531,111127,2616994,1237957,384596,770971,433406,191782,196097,805276,58880,186297,119778,85790,178476,457117,186318,606180,409377,583889,449838,500426,97963,1200490,1204939,621693,610511,29659,64471,4514377,3273236,860729,1073875,969781,407145,531478,9470033,174942,968465,1558876,1302080,1425175,324541,1881619,"G127","WB","Eelgrass","WB-Eel"
"G128",725568,1485775,4707973,2579367,4257023,1042337,487760,745040,812304,122194,182710,69230,127631,248987,2139066,4680747,941163,1005618,0,0,0,294289,321609,157706,145783,97412,928792,457689,238878,981110,101392,62010,595990,347654,573570,378323,366767,83569,113118,562342,149322,1922205,85885,83515,422163,762896,110817,0,0,0,89731,108026,62476,1172454,1200679,289801,652593,852094,1002756,885261,479445,249655,81639,54715,37806,117133,100389,19387,14247,49124,146316,291639,62634,1259188,626736,178355,553299,276177,120861,99807,379418,30057,0,0,0,119784,326093,110664,360022,266967,343763,310994,318642,74770,620896,633580,309346,368,521,252,2453078,1801110,458573,573086,518973,214592,377368,6466473,111639,700256,1075968,881010,1335733,310238,1815176,"G128","WB","Eelgrass","WB-Eel"
"G129",1390663,2935676,8915357,3977985,6886295,1726728,1196477,1970169,2109562,182354,284773,105582,122721,306254,2812527,5552614,1168982,1282346,112688,405578,92042,718388,872848,392063,611551,400006,1550107,705371,472818,1788575,220612,100251,1194478,692675,1104724,440136,390593,92414,161217,836405,238278,2993024,127493,110226,1137456,1855623,297396,180985,187387,91339,165973,201785,135180,1970243,2034343,499499,1216728,1700751,1988985,1151216,660099,351130,156588,89764,62266,186163,186159,44365,39748,120653,324051,618036,118086,3217251,1462141,434723,814941,456440,196486,194916,816649,60592,215675,117849,107627,188395,492161,195128,685360,472981,666202,546767,543812,113713,1243698,1158401,562303,1328084,69477,139036,5386355,3887004,1014458,1241589,1194020,472568,587540,10284055,196074,1249742,2093150,1678332,1644253,348222,2114947,"G129","WB","Eelgrass","WB-Eel"
"G132",1325768,2805836,8904695,2603057,4350957,1144617,1007395,1564163,1688272,171314,263555,103297,173114,357852,2981738,5647157,1133325,1285839,110375,351426,79836,867434,1103752,525842,735326,514871,1540144,697012,392434,1585918,167984,85446,1040640,638371,990540,210392,202885,50017,82399,428766,116487,1478834,70811,84151,842836,1403049,236621,114477,121913,73110,107783,143381,98632,1593593,1733052,439758,1342882,1898310,2172363,650600,403162,210142,188696,113028,75522,263075,244658,42219,44530,102340,339108,457308,110037,2446610,1178726,352589,669338,362418,173385,168571,659008,44897,153318,107432,107740,154455,391974,164553,568921,410337,560909,588216,577500,110869,1409203,1350096,709033,1794234,78187,183865,5678178,4131930,1140103,1183719,1125233,456975,761090,13981313,276579,1697976,2787953,2358589,2271945,511644,3119567,"G132","WB","Eelgrass","WB-Eel"
