"","Protein Name","Transition","Peptide Sequence","Fragment Ion","G013-A","G120-A","G047-A","G017-A","G079-A","G127-A","G060-A","G009-A","G002-A","G128-A","G016-A","G071-A-A","G114-A","G045-A","G132-A","G031-A","G012-A","G116-A","G043-A","G015-A","G040-A","G110-A","G008-A","G109-A","G122-A","G041-A","G066-A","G105-A","G032-A","G129-A","G054-A","G081-A","G003-A","G074-A","G014-A","G049-A","G053-A","G104-A","G055-A","G042-A","G064-A","G073-A","G057-A","G007-A","G070-A","G001-A","G071-B-A","G062-B","G013-C","G120-B","G047-B","G017-B","G079-B","G127-B","G053-B","G104-B","G060-B","G009-B","G002-B","G016-B","G071-A-B","G114-B","G045-B","G132-C","G031-B","G132-D","G031-C","G012-B","G116-B","G043-B","G015-B","G040-B","G110-B","G008-B","G109-B","G041-B","G066-B","G105-B","G032-B","G122-B","G129-B","G054-B","G081-B","G003-B","G074-B","G014-B","G049-B","G064-B","G073-B","G007-B","G001-B","G071-B-B","G062-C","G128-C","G055-B","G042-B","G057-B","G070-B","G114-remake-C","G053-remake-C","G104-remake-C","G127-C","G002-C","G128-D","G016-C","G012-C","G109-C","G104-remake-D","G053-remake-D","G114-remake-D","G042-C","G073-C","G003-C","G057-C","G055-C","G070-C"
"LTILEELR y6","PRTC peptides","I - y6+","LTILEELR","y6",29599972,25449096,43859836,27587238,26075618,30520362,31183928,54357888,19482574,47704248,32194452,29090870,39211796,49038620,34117760,38554952,60695084,60217216,52668900,46545132,37753252,179007920,167653648,183668992,159330496,115319136,125594384,140705328,125014056,99126216,103184080,114343024,90118336,127937376,113936672,94752976,92031096,128184968,102599240,94093000,94419216,119363456,114609072,100424384,96775488,123212376,114659776,121962984,30978236,30442260,43323044,31802052,29724788,35563112,95006760,130743264,38164000,62364368,22046744,37247384,33914788,38209604,49052156,39111344,40489608,41199196,39421328,61240264,72009216,58838360,45861448,40573796,173426816,179915136,196919696,107494832,120760360,115198752,113444888,157670288,98009088,94224496,96214568,68977568,118818848,108359984,89694168,90420232,103355224,86396408,116036312,111897152,123678960,37771964,97725072,88548536,106422344,82657888,10324488,11245472,18518642,30255374,20113214,41787196,36558832,50026136,189259984,20740892,11425768,11039203,84594504,99182200,86574256,111955944,103300664,89775000
"LTILEELR y5","PRTC peptides","L - y5+","LTILEELR","y5",25329132,21630980,37530300,23651940,22551560,26273644,26607014,48060280,16330119,41792512,27214062,25474612,34364540,42970532,29719314,33668640,53964780,53810056,45830096,39932728,32908066,175121552,161537824,176774560,154839360,109235160,119797832,136617552,119511808,94487424,97195912,107823296,83390304,123603928,108440368,90659816,87201696,123497264,97472008,89104968,89378168,113049560,108345040,95357560,90637752,118328856,107548128,116678504,26341992,26696036,38007424,27069312,25688148,30967988,90112136,124812304,34498860,55995060,18699170,32011122,29616232,33435274,42992176,34634356,35363432,35815992,34253928,53830792,65563088,52001996,39900704,35568336,168512608,172908128,192074848,101502312,114619176,110803920,108388544,152080304,93224816,88664272,91278952,61447876,113542504,103451424,84520528,85371584,97233600,81300312,109400840,106159712,117755536,31865396,92991368,83681384,99238816,77736088,8217225,9254594,15308739,25800770,16879758,35607184,30860086,43327504,182125552,16915718,9208968,8743761,75312016,93760496,81337728,104745656,98091304,83420880
"LTILEELR y4","PRTC peptides","E - y4+","LTILEELR","y4",11063187,9320385,16863806,10497707,9757952,11783441,11857089,22954378,6717166,19603106,12231835,11177256,15556003,20319670,13526519,15083596,26569586,26936078,21640132,18807316,14833687,147767424,123535752,140117296,125696800,71822552,81132168,99648624,88104208,60154156,56990644,65285208,47450848,93806184,67652464,52571208,49080732,95218608,61629704,50098796,51587832,73804632,73711448,56073652,48269928,84410688,68053640,81746568,11464431,11679409,17567656,12208156,11218699,13799382,52463724,88492720,15657114,26821778,7818601,14654717,12813602,14811324,20101158,15830367,16472659,16426893,15517814,25936550,34341624,25418806,18473308,16090726,139581744,132983752,165212688,65430544,72711112,77377080,74489480,124728208,54136252,50208140,54003696,30745184,82024680,64980580,47164096,47361024,56701360,44988048,69507096,66998796,76154824,13671272,53381288,47084068,57412280,45207224,3234139,3514513,6304118,11440988,6928400,15654381,13419075,19692222,147084560,6895769,3647350,3392284,37863456,52345580,43048908,60376828,58836828,43438424
"GLILVGGYGTR y8","PRTC peptides","L - y8+","GLILVGGYGTR","y8",39989552,26801878,50610572,32404204,25639908,33521370,28437114,54200704,20467670,57514028,42744912,28091928,41462984,58246164,35742448,36818228,60625824,64342888,53625368,52409472,37178444,168438288,141679456,161395712,140149520,86019512,84718424,89500032,87586280,58715584,68312432,78339632,80629608,95444560,86709008,51406016,49091820,87187152,54652616,48323260,52473964,78463152,91872872,55470928,60967220,86884952,82187480,83712624,41883376,31000242,54651796,38117052,30573706,38165092,50588544,88809776,31256884,58036776,19690232,43791052,30412844,39674132,54659820,37821992,40476612,36015600,40821928,65616096,64228060,58522312,48499116,37857496,171910080,148558336,176559696,80781504,76732816,77505640,75782192,137738080,53010120,63320116,67979904,77006992,84355048,81100632,48581008,48828352,63745788,53608468,71568512,80397536,85018184,44713244,49860576,60513528,68839720,55756140,9331150,9201166,14600239,35436344,19530746,48707328,46745288,52542936,177753968,15875705,10034751,9980893,86828488,53610808,55804428,70681696,74773768,56827760
"GLILVGGYGTR y7","PRTC peptides","V - y7+","GLILVGGYGTR","y7",61235908,41211800,78516248,50214160,39880040,52204952,43851088,82753432,31515734,87818336,66505928,43756820,64601368,89181968,55605860,58014692,89074784,96760984,82813104,81394296,57357256,197385424,174635952,189669952,168842128,119992792,119098960,127616696,121986304,89296896,100947888,113049384,106677928,125416200,124255512,79748976,76041456,124423360,83542592,73537808,81086952,114726528,124529360,85831416,93239120,117185248,118488976,117830784,64880736,48188836,84927304,59674360,47986048,59462604,78247416,122999736,48555872,88999648,29921088,67683616,47476580,61701100,84230488,58557692,62881776,55811536,62551532,91772400,96186616,90287928,73572056,59153424,207382608,183380528,213460032,117924808,112615168,114996184,107478048,170192144,80972280,94694256,100140824,109199168,117507344,117242208,75143864,75439064,97606656,82935008,103767840,116891544,125082136,69009816,76962744,91394032,105235728,85335768,13406762,13062927,21860424,53221700,28985904,76303504,72541184,81650424,208954624,23643966,14680952,14650554,116658880,83389696,86192040,104070568,112402864,89290208
"GLILVGGYGTR y6","PRTC peptides","G - y6+","GLILVGGYGTR","y6",69625376,46342556,88895296,56573192,44317276,58515280,48762364,93051984,33962372,97881640,76255056,48486524,73838128,99691400,63195488,65417352,93680120,106017968,94493000,92312528,65196376,202686000,178619536,194873904,177020752,128649080,125582512,134339120,128733840,98275104,110667184,121385576,114147176,132864008,132781296,88839264,85510448,133030552,90606320,81584904,90062496,124291376,131891952,94869488,103697848,124906968,126302008,127584768,74980416,54218576,97513880,68016360,54143088,67907056,89282440,130390952,54068108,99248968,31727964,77503568,53283208,69852248,95326808,67157704,71065688,63093844,71065272,96605824,107500984,102424752,88015112,67178384,212156608,191941120,220310848,128990984,120603752,125352176,113512872,174612064,89940928,103177480,109572384,115374240,126052200,126413144,84711680,84170264,108574160,92708376,112219416,125744808,133665320,77341520,84236448,103016712,116625888,94439368,13040293,12967763,21780158,59626364,29590016,85437120,81112192,90035008,213879120,23770612,14084906,14249728,123025816,93627160,95885480,113015352,122250560,98030384
"ELGQSGVDTYLQTK y10","PRTC peptides","S - y10+","ELGQSGVDTYLQTK","y10",9266561,6678714,13277335,7613675,5412913,6907901,6166389,15477139,3831652,15969069,12474222,6390172,9065792,13047873,7254529,8105528,13030713,15087994,15404802,11873190,8070279,54743360,39071284,50619544,32976096,24516770,27642548,23648708,26248758,14823890,21835534,24449210,29607388,28832914,29333898,13295454,12026970,28063170,13921918,13790042,14209500,23105978,26543418,13931098,15548464,27771668,25539706,27838540,9232577,6305401,14231126,8374744,6313756,7978010,12878170,25570762,6534753,14920414,3960516,10220464,7225135,6180270,12457098,8342135,9141428,8273031,9150612,15278313,17444118,13657895,13243273,7821067,52042456,39243672,60725772,25276462,24858420,25377410,25222330,38775180,14661500,20241338,21879350,25695644,26738126,25080834,11588955,13127349,16197758,13991256,22427276,25272124,26398844,11588193,13704572,14683112,17542066,14581573,2429837,2114033,4987498,7402453,3479504,14000278,10155980,14872120,62260508,5173495,2197227,2962864,28783636,13580142,14571525,21958760,23428012,14277481
"ELGQSGVDTYLQTK y7","PRTC peptides","D - y7+","ELGQSGVDTYLQTK","y7",9438717,6685088,13561681,7458299,5361017,6975715,6109345,15503588,3703714,16322182,12621492,6412101,9019346,13390796,7252236,8311303,13426655,15527845,15795705,11989661,8300167,60134448,41860848,54766928,33522426,25674994,28680676,24743016,27719546,15913958,23196940,25510294,30200798,29495478,30493874,13374878,12169654,29389062,14324893,14330294,14543101,23668408,27131324,14571487,16166219,29724848,26873762,28990728,9331163,6334336,14238283,8252498,6317747,8117479,12838411,26576938,6704881,15790561,3831395,10367946,7247658,6345413,12548803,8330974,9217299,8553199,9110517,15617244,18213180,13945090,13308393,7911562,56101012,41942724,63420856,26296784,25847642,26495428,26895842,41552920,14788516,20922296,22984072,26381950,27953842,26400036,11660486,13355937,18401624,14334394,23278768,27521796,28312332,12244399,14262462,15074552,18763916,14894100,2458801,2054874,5093612,7686963,3510236,14904033,10420066,15553651,65380528,5060147,2154363,2973373,30509646,14017359,15133457,23239678,24863636,14933989
"SAAGAFGPELSR y7","PRTC peptides","F - y7+","SAAGAFGPELSR","y7",56556296,42565884,72681872,39071720,41628572,51892420,45943460,84738544,31611514,85060568,71399528,45166560,60731784,72583472,52985332,54734888,87066400,94235952,84038648,83461864,52613992,198918224,171158848,203317856,171738752,103384320,117333520,108394112,110020112,83833304,92232416,99886088,127670568,113685968,111742512,72232920,65059376,112944920,77066000,68701976,78890896,91438096,113469824,76713816,81633816,112080000,107310176,112235200,59856720,45686156,80543960,55900792,46107428,57778836,69176456,112926752,46961096,82047672,32775994,69728584,50667960,42853492,70669320,59508996,61759308,63371832,61631448,95575704,96702168,81229488,74164208,59522692,193787392,171925648,196125664,110202552,102902424,114565752,104216672,194022576,74928024,92382488,93555984,115111376,105487224,107633040,60853176,74082848,64636760,73727616,101535584,108056216,108983272,69496416,67627272,74637136,56911676,74608416,13558137,12412013,19862748,49994888,28887380,80197272,58200312,87594856,212535200,21291662,13117289,14862671,131665992,69716896,76045712,92314328,100515544,76363736
"SAAGAFGPELSR y6","PRTC peptides","G - y6+","SAAGAFGPELSR","y6",61477572,45436700,78670440,41931228,43955756,55700724,49592128,93061296,33179044,92690896,77256448,48167300,65518148,80489256,56802000,58584064,95241056,102716000,92214464,91192480,56063120,208875904,181838272,213089776,184157488,112194920,130341936,118459232,121270488,91303696,98629176,110060376,138743856,125336768,124874416,79067792,70307120,126774808,84649608,74172328,86752672,100297760,127938000,84048808,88819536,123018992,116679208,123441608,64333848,49093608,87649048,60566872,48863280,62758860,75836928,123674416,50099628,90143504,34788648,75979440,54679628,44433320,78039048,65002608,66788956,68991824,66107868,104859184,106818168,88710304,80623584,64193604,203793136,182743616,209828240,121444640,114201056,125716872,113652504,205458912,82919416,101788552,103086144,126198072,116044144,118185616,65898104,81959224,79124944,80653928,110405624,119413480,118746032,74119496,73227080,81288416,68511320,81464784,13429322,12354159,19840772,53692668,29999714,86113672,59225068,95175664,219845536,21539266,13423965,14874383,143794016,76284112,82898320,100809880,110016368,83571680
"TASEFDSAIAQDK y9","PRTC peptides","F - y9+","TASEFDSAIAQDK","y9",12880087,9321226,15541326,9822470,8863165,9987178,9659660,18366768,4913540,18993730,15345422,10143215,12293806,15711931,10948827,10869327,17985854,21076190,17441744,16808100,12920370,58224228,42806640,52390052,41612156,25575598,29168524,28280216,26416378,17538886,21512834,24749620,33147422,28588440,25834996,16221894,14119878,28335174,16962212,15986247,17158156,23594064,28328104,16806370,19716940,28410574,25328890,27857634,14255796,9444887,18513068,12636963,9511151,11754299,14163141,28495562,9050446,19265544,5709238,13966247,9914944,8084871,16294190,12531670,13383898,13002006,12150597,19746912,20589336,17541224,15628247,11456454,56139880,48433512,45639816,28673100,27400250,27919136,23975800,47704556,16102912,23149048,22625442,31533586,27802214,24985718,13344166,16255510,16863138,16886750,22986766,24565210,27371894,15508166,14109815,17550042,10631803,17685826,3388123,2850899,4701001,10388254,5456758,17841340,10525743,17993630,65381952,5323693,2770303,3559762,35516000,15951726,17076304,23786614,24383646,18978802
"TASEFDSAIAQDK y8","PRTC peptides","D - y8+","TASEFDSAIAQDK","y8",9702983,6984738,10312884,7409669,6412100,7412593,7062933,13782988,3640044,14005058,11478765,7443927,9319637,11536717,8095272,8155119,13478031,16055414,13036829,12775710,9573205,46115408,33623336,42276732,32040296,19339406,22392486,21791720,20103102,13398296,16709532,18826378,25189246,22113410,19516034,12230217,10488179,21812590,12989709,12064591,13048980,17777874,21520054,12770977,14938397,21860410,19409364,21135220,10624413,7017378,13811123,9294416,7050952,8823079,10574548,21351816,6827219,14746320,4173130,10348139,7372027,5889208,12244513,9310230,9850639,9767038,9004645,14652885,15718773,13214947,11738593,8479723,44321084,37897644,40836952,21614558,20614966,21243780,17996518,37685828,11878824,17391144,17120358,24266508,20900508,19076970,9896161,12225466,11093630,12861794,17469550,19049888,21581764,11634517,10645023,13230516,6340012,13323688,2435098,2041059,3340543,7858950,4074156,13495550,8425700,14124241,50661752,3748141,1968057,2560333,27746694,11924670,12915337,17972090,18647218,14351993
"IGDYAGIK y6","PRTC peptides","D - y6+","IGDYAGIK","y6",35027356,24626974,49314064,30395726,28746370,31191984,26562576,58165204,21399604,59766472,49163692,29578220,40352468,49352956,33706028,35020688,66272712,69308496,57267752,55009336,35860156,129613432,128404256,140531568,116103000,72705144,76277208,76365080,76607208,51658088,69097808,77750352,89423704,78859472,73576048,39954324,40013268,80330216,42801432,50015928,42326096,62100240,79112936,45618308,56218140,75824304,74647040,73173528,46082436,31080194,60215124,34392328,28513676,4955542,NA,NA,30090550,60024224,21810796,51641704,31083444,24085782,60000968,38268876,42375828,32913384,39045176,68750360,67357032,61667304,56083812,40039940,150075408,117964808,95198624,74907304,71483456,78241472,71560304,120982896,39880876,64114416,66305896,85524808,73847936,67842168,35935020,44095472,36861812,44178236,66167644,70052512,73988392,50231304,39803196,43105536,14985728,48960528,8880716,8116592,13550087,32923710,18269324,58304672,43517536,63041272,146102208,15170712,8961226,9573426,91603296,44403328,46726136,68694400,74730696,52466752
"IGDYAGIK y5","PRTC peptides","Y - y5+","IGDYAGIK","y5",20683762,14093706,29473424,17383474,16938160,18132964,15857163,32872264,12510830,34109368,26467760,17044490,22909754,26515458,19307470,19690972,36990704,38474612,31802494,29833330,20591926,90003896,80719720,93852880,71216536,40548344,43330100,44006884,43064544,29692710,39215104,45022356,50966508,44173904,42469148,23109240,23059506,45868400,24762000,28384226,24573116,34087760,45011772,25889408,32090184,42372048,40763704,42930888,25683598,17926980,33044552,19957980,16682411,57468,NA,NA,17803458,34292432,12503776,28024188,18402944,13856676,33465054,22839186,24725670,19489888,22580210,39058316,37893540,34391628,30805632,23524796,104161320,76729656,59364112,43409540,41755752,46658344,41484176,79719040,24233152,37310124,38941212,49121904,43296636,39722172,21582640,26918000,20809144,26144098,37325076,39165400,42307668,28383930,23763082,26075030,13568474,28849998,4688890,4351863,7181186,19186302,10454329,32820592,24090026,33958924,104707928,7997277,4927146,5053473,53747412,26976858,27721842,39761296,41819796,31038748
"DIPVPKPK y6","PRTC peptides","P - y6+","DIPVPKPK","y6",17156704,19967156,48892916,14011613,24359600,24627640,32272674,59674000,26986098,62898784,57372420,27077892,26383616,48108036,13263921,11146146,59611560,82112632,72477536,81452272,20862838,124263200,89921920,199475536,73211008,73328216,78510376,71580760,73080536,35319908,59476456,100801920,88563984,79679312,84061864,29512444,NA,NA,31196342,NA,29122266,64923016,80202032,26251952,152824,76228800,85877392,81514048,31694108,21473426,70555336,13574826,24963896,NA,NA,NA,39848012,37440512,24498536,32148280,36159496,15098958,66510468,14851618,12399168,15162505,12579048,70717176,82733320,93219952,60716796,21491188,127717248,86262536,49802896,71727080,72961984,74237928,65761688,99831600,28037520,44368796,69341472,73486912,68169720,73454704,26729542,30859546,NA,26221738,61776080,69445800,65732776,33922648,27180026,36230528,15576866,27643824,3544347,6170388,14859569,28670226,28488876,45114868,NA,73341216,208260752,14847195,7521940,4942955,93746696,29020566,30489914,54380160,79906520,28798178
"DIPVPKPK y5","PRTC peptides","V - y5+","DIPVPKPK","y5",914960,1048906,2603808,720738,1396865,1279664,1782945,3212198,1638647,3257675,2895217,1488271,1314516,2495767,683391,515680,3100339,4262497,3768955,4321279,1044889,6769289,4913252,11042374,3761690,3806141,4171921,3669131,3759486,1803441,3127984,5387136,4401246,4068860,4448371,1638290,NA,NA,1584428,NA,1589264,3430439,4293616,1285630,30595,3965257,4430564,4346281,1618270,1062143,3745954,651590,1385659,NA,NA,NA,2203042,1895802,1317226,1608253,2046743,899195,3528540,732604,562018,698210,564838,3935554,4248544,4958275,3062664,1068335,7134754,4576493,NA,3850015,3826337,3888838,3491069,5676025,1479268,2347187,3714634,3763053,3640751,4061431,1459229,1683733,NA,1331558,3209219,3631445,3571022,1816308,1393774,2105079,1280416,1452057,176435,315322,712606,1524153,1734139,2319222,NA,3703297,12315016,745097,440510,236038,4888069,1496224,1671408,2933328,4298339,1509688
"DIPVPKPK y4","PRTC peptides","P - y4+","DIPVPKPK","y4",8325782,9406448,26878932,6833409,12198447,12323115,17549008,35109104,13875778,36490968,30492974,13608855,13897445,26188536,5858343,4726094,32146584,46622900,40261608,46958380,9658836,78630672,54425452,132746304,41244892,40728060,45228960,40862788,40891748,17092734,34409116,59416840,47039624,44663436,49731040,14711703,NA,NA,15526910,NA,13976202,36402072,46395228,12009458,23671,42616492,48304796,48304844,17459886,10131710,39612956,5611349,11953496,NA,NA,NA,22186428,19319740,11839213,18180614,19321772,9190965,37151876,6580182,5401174,6713563,5282672,42714132,46382904,53981692,33817188,9787823,84149352,49820708,30842682,41600408,42039396,43035448,36701608,61090520,13530513,24439710,38975548,38728924,37812100,43569792,13004776,15685349,NA,12569913,32872630,39424168,37265996,16595417,13171861,19732906,15189078,13751141,1391640,2357892,6416406,14371160,14261710,23917490,NA,39652472,152640736,6571960,3011925,2131681,52614664,13783944,14446421,30438886,46592712,13803219
"HVLTSIGEK y7","PRTC peptides","L - y7+","HVLTSIGEK","y7",92237032,70074152,112634144,96121312,80040048,82339960,87930400,111237568,63256616,NA,98661512,81255808,97786744,107049336,100651472,94080856,108066936,114512320,109890208,112304352,93451600,202022976,189689824,204499200,181330784,125279536,123910320,141469312,129054432,116437224,131071360,133334632,134397056,132888328,124673192,112543232,NA,NA,NA,NA,106862128,131920872,42622716,113784824,NA,130155096,133834312,131370192,108874056,93565248,109871936,30309214,86741032,NA,NA,NA,80561952,115635048,29580680,NA,95889352,502110,107895976,102697792,98098104,100298360,107586160,NA,119030088,117866800,106325680,103441088,205575760,186917552,NA,127220440,126825456,125602048,124030648,210805824,110593552,116046000,126879312,135957696,121771312,122862440,98779264,114884752,NA,109239472,129361624,132171672,131827736,114243688,120831656,113417776,NA,113167608,33827152,29455838,43150628,93797192,65582788,114450200,NA,114342664,212387712,43763464,33211534,35103468,145686896,114606440,121608160,128226840,135197056,123133352
"HVLTSIGEK y6","PRTC peptides","T - y6+","HVLTSIGEK","y6",16559967,11404621,18804372,17768008,13450322,15183471,15138275,22779088,9391223,NA,16444733,13094026,17341608,19588088,17935330,16815580,22236884,24775842,23896104,19390026,16542741,66583312,59691064,67961360,58436276,29635102,30271284,33083474,31581876,26548582,28803394,30717860,34495276,30198928,31111504,23197734,NA,NA,NA,NA,22511020,26382362,5224218,22988234,NA,29318252,30186496,31318926,20295210,15827013,23217434,7148641,15084242,NA,NA,NA,14010438,20887178,3426102,NA,16162182,163259,24494220,17933852,19153502,17918310,20716930,NA,24011532,25919170,20878246,19444056,75073904,59457216,NA,30260596,31396426,31532298,27865892,68725632,22237110,26294750,26877620,33860488,26717850,28611200,19500204,23332102,NA,22783606,27849718,30554552,31339216,21933080,24020686,23487722,NA,23839964,4748889,4089380,5987844,16175973,9798969,23289560,NA,23996418,76030888,6032558,4693438,4896672,33621420,23694372,25254866,29657468,31310994,26656744
"HVLTSIGEK y5","PRTC peptides","S - y5+","HVLTSIGEK","y5",7080364,5108934,8109585,7976909,6141109,6645552,6773483,10288213,4026302,NA,7026125,5829608,7709524,8658566,7905620,7505610,9648340,11029945,10895284,8373624,7343057,32254172,28385738,32429826,28347560,13449165,13601652,14950400,13892473,12306993,13062794,13681060,15622416,13451067,14363674,10614462,NA,NA,NA,NA,10270830,11698012,3394306,10528487,NA,12854635,13528084,14448967,9019089,7094750,10273260,2184108,6800972,NA,NA,NA,6454706,10240927,1580047,NA,7353753,288054,11067692,8225483,8950962,8100121,9481106,NA,10694847,11890694,9354616,8915704,37292220,29519062,NA,14050458,14626583,15047379,12630151,33329912,10414490,12508640,12229240,15789099,12481785,13298338,9282551,11005160,NA,10485014,12497997,13782720,14336041,9723902,10875478,10927312,NA,11365773,1943180,1797092,2430628,7110703,4223849,9447726,NA,10649227,37463608,2394081,1925997,1951994,17201502,11036252,11601160,13914310,14269059,12342407
"GISNEGQNASIK y10","PRTC peptides","S - y10+","GISNEGQNASIK","y10",14635992,10280625,17579168,13471965,11079161,12629601,11861796,21258024,7223268,NA,16833692,11498612,14580391,18478918,15451148,14191922,21777588,23668516,22449318,20052098,15470918,54578520,47480312,55030188,50403880,28742104,29425118,27758068,29390648,20656936,24899526,27341770,37961300,28346194,29346390,17625030,NA,NA,NA,NA,18947840,23948878,NA,20233724,NA,28342302,29115800,27743566,18738326,13322275,22843408,1699655,13734482,NA,NA,NA,12757461,17703790,NA,NA,12898483,NA,7840212,14864968,17662222,13451793,17668004,NA,25083422,24882060,18682688,17639886,62405992,51214512,NA,27670832,25436330,28988442,27131262,51323168,17892402,23227306,25055088,34342668,25488946,25931898,17066396,17776378,NA,18684752,25496868,27448040,27128280,20013728,17256932,20912172,NA,20676468,4238931,3669171,5591943,13548430,6870976,17135336,NA,23954792,66852272,5745204,3829350,4080659,23370662,18673960,19970846,26405162,27249046,20385144
"GISNEGQNASIK y8","PRTC peptides","E - y8+","GISNEGQNASIK","y8",12525610,8736950,14820306,11332396,9256876,10984816,10148195,18258006,6270634,NA,14253356,9934591,12206980,15785503,13389373,12272502,18441950,20315966,19116390,17110616,13342056,49546444,41810088,46836176,44120680,24520378,25472736,24666180,25570586,17741298,21492714,23622544,32777744,24339588,24931324,15245394,NA,NA,NA,NA,16529791,20576390,NA,17428524,NA,24526798,25103044,23606040,16290155,11396676,19483304,1411577,11676088,NA,NA,NA,11121226,17360700,NA,NA,10995281,NA,3080511,12790192,15266531,11578274,14843112,NA,21417450,21261330,15836694,14997345,54755544,44664380,NA,23639454,21903802,24889858,23504216,45169288,15047441,19988700,21384162,29943998,21504646,22380084,14657214,15424305,NA,16268798,21895698,23780454,23776326,17217960,15122711,17707474,NA,17446296,3488332,3116220,4807812,11790283,5838923,18482298,NA,20601608,58599104,4715083,3139633,3249689,22705756,16100847,17261944,23681412,23636862,17289616
"GISNEGQNASIK y7","PRTC peptides","G - y7+","GISNEGQNASIK","y7",24869602,16905204,29619198,22978054,19119828,22530312,20600540,37914340,12326233,NA,28945320,19511770,24488184,32594908,27452856,23987542,35598232,42239700,40078292,36037044,27173408,96005256,84823608,89294832,92523368,51294036,53894840,51686408,53262952,36359064,44356348,49419460,65550280,51618528,53382496,31422368,NA,NA,NA,NA,34161108,43205324,NA,36818864,NA,50431728,51902072,50713448,33671396,22997508,40467744,2812311,23936596,NA,NA,NA,22116142,36006900,NA,NA,21967974,NA,8622925,26588260,31375498,23570782,30613538,NA,45746592,44997200,32846924,30889078,105952200,92187256,NA,50343000,45643460,53085732,48626912,93695416,31857500,42003696,44685288,61341556,45423332,46957820,29834024,31900344,NA,34349680,46201892,49813540,49519944,34579840,30577350,37055388,NA,36701100,6229269,5355210,8777346,23944170,10756132,36939740,NA,42925860,110832432,8376207,5595059,5834041,57643076,33216924,35308424,49514856,48905944,36315592
"SSAAPPPPPR y6","PRTC peptides","P - y6+","SSAAPPPPPR","y6",130053512,106066296,159913584,126747560,108934168,127885288,121450520,191682640,72718216,NA,162950848,107891672,132130664,151529952,135115184,128692784,31059128,192248784,187488944,162954832,141371872,318586944,295751648,340982144,288568256,213664864,225967904,221133904,223029136,151383856,199329984,130420784,246693920,206805952,215477392,160817520,NA,NA,NA,NA,143563712,196851552,NA,161736320,NA,198215120,226350992,221725088,162938560,119050376,190912544,NA,125521448,NA,NA,NA,111796000,160028096,NA,NA,114321616,NA,NA,130228696,146686256,119998976,155456416,NA,195589392,203515488,168738800,154189952,350333920,294093312,NA,214803200,203449120,218679584,211253216,302653920,159947248,185479648,191365360,232183952,200436496,207475648,147894400,151838880,NA,163698304,197068496,229169120,224999776,172454048,136293136,161937472,NA,169901504,44344256,35896648,53666188,132802152,77372056,127311400,NA,190099008,351572000,57295712,36967996,42236040,238642128,165665392,163136576,194854432,210994560,179405632
"SSAAPPPPPR y5","PRTC peptides","P - y5+","SSAAPPPPPR","y5",38918012,30026738,46880988,42998360,31178036,38609400,35688844,64717636,20280294,NA,47251232,30986400,39880132,51723696,40589752,40365808,6983469,56792628,65598636,49368056,44147372,154213808,146476752,164973120,120059480,78639936,90264600,80016864,81162936,52662624,72821968,41235784,91561560,77877584,80646248,53530708,NA,NA,NA,NA,49967824,67186080,NA,55351800,NA,70826744,79441440,82714784,53003028,35395284,63687812,NA,36335448,NA,NA,NA,33719804,56523660,NA,NA,32268736,NA,NA,37282752,48210412,33892016,51061384,NA,67378608,73785776,50593468,53405092,182140720,143029808,NA,81360552,78111016,82541992,78220664,145789568,52872952,67584728,69636216,85854360,68180144,76114064,46177516,50845584,NA,56258744,68226712,85204552,84364584,59180564,46894436,54319516,NA,56113936,11443622,9553370,14008780,41747400,22200526,41761040,NA,67138192,167184304,14322382,9632603,10917749,90939376,55028392,57421828,73509240,78994624,60356376
"SSAAPPPPPR y4","PRTC peptides","P - y4+","SSAAPPPPPR","y4",22303730,17735606,27505706,26069666,18483636,22479800,21335786,39176152,11865416,NA,26752638,18370928,23856902,30811400,23935954,24059764,3201764,32511684,39125980,28294178,26907392,104403464,101496224,113971904,92740912,47557448,56167020,46914332,47309444,32255110,44408880,28919366,53907972,47587512,50280696,33090258,NA,NA,NA,NA,30622542,40051908,NA,33826304,NA,41558104,46729844,50733328,32215134,21459650,38029116,NA,21462920,NA,NA,NA,19996606,31956192,NA,NA,19881140,NA,NA,21982888,29430012,19832018,31274546,NA,40256392,46012864,30792866,33169666,134356416,100948784,NA,50170336,49262628,51431764,47102492,100644720,32584320,42070636,42774840,51500108,41351888,46804812,28239308,32579250,NA,34991636,40868176,51783164,51573664,35420424,29027084,33525834,NA,34805524,5975853,4960276,7142070,26235156,13203021,25374394,NA,40146316,130644256,7413272,5220871,5797298,58144664,33244456,35223876,47937332,48617752,36882068
