"","rownames(SRM.data.numeric)","G013","G120","G047","G017","G079","G127","G060","G009","G002","G128","G071.A","G114","G045","G132","G031","G012","G116","G043","G015","G040","G110","G008","G109","G122","G041","G066","G105","G032","G129","G054","G081","G003","G074","G014","G049","G053","G104","G055","G042","G064","G057","G007","G070","G001","G071.B","G062"
"1","Peptide Sequence Fragment Ion",NA,NA,NA,NA,NA,NA,NA,NA,NA,NA,NA,NA,NA,NA,NA,NA,NA,NA,NA,NA,NA,NA,NA,NA,NA,NA,NA,NA,NA,NA,NA,NA,NA,NA,NA,NA,NA,NA,NA,NA,NA,NA,NA,NA,NA,NA
"2","GVVDSEDLPLNISR y11",987740,1501808,974459,1172389,2052848,1189673,2304865,747165,1600771,725568,1343022,1254593,1328818,1325768,1458412,65084,436765,1123765,370741,1727995,821727,683319,241083,1126921,975665,1353852,582536,858866,1390663,1425588,989303,24621,747257,754026,2446330,2142526,661374,2329747,1838488,2190002,1008201,1318233,1561188,314533,430071,759729
"3","GVVDSEDLPLNISR y7",1910000,3157734,1884468,2400880,4622060,2411904,5067930,1476887,3516325,1485775,2702285,2620848,2687765,2805836,3043093,126501,815609,2169742,679673,3784635,1653342,1384110,478945,2293395,1988687,2686775,1157511,1637016,2935676,2926253,1988732,50524,1480319,1499522,5324984,4652995,1270501,4994925,3837091,4654351,1989929,2713614,3337386,610961,819360,1523581
"4","GVVDSEDLPLNISR y6",6176002,9747394,6047505,7645407,14886697,7507701,16022593,4627890,10838658,4707973,8764302,8239565,8929614,8904695,9411402,437760,2517330,7065219,2261497,12040402,5211244,4340083,1590136,7236141,6343204,8536509,3737252,5276574,8915357,9172498,6350518,181834,4697035,4903490,17420846,14674784,4066916,15914207,12249813,15014637,6614110,8640652,10488066,1979306,2623539,4869397
"5","EVVQSSAFVER y8",3556501,3969099,2668249,3662459,7219750,2302575,6270387,2540926,5193312,2579367,5555612,4175801,4039724,2603057,3784825,199285,987582,2861741,1235625,5318982,2901758,895146,873474,3094142,3602202,4646912,1976432,3148782,3977985,5478017,3191279,181507,2230147,2608700,9373297,6171362,2377836,6945679,4359673,8813054,3749987,3870012,5744308,1063284,1647886,3244120
"6","EVVQSSAFVER y7",6138959,6825041,4442289,6438165,13010634,3904433,11226223,4145422,9009360,4257023,9631441,7257976,6902111,4350957,6481062,326353,1631614,5162022,2004462,9218471,4853134,1540452,1402411,5206107,6130112,8045263,3228858,5312374,6886295,9563714,5401735,272152,3729456,4423625,16763781,10880385,3925405,12584695,7410154,15528642,6442243,6731578,10163298,1747459,2687289,5359131
"7","EVVQSSAFVER y6",1531093,1729247,1124735,1619856,3355246,1022398,2935850,1061364,2331558,1042337,2523590,1815666,1758610,1144617,1647697,86969,407102,1278570,517010,2343653,1160174,384014,349484,1366446,1527973,1996563,772599,1301976,1726728,2398916,1386982,65419,926594,1076635,4441369,2749382,973792,3300113,1860790,4074161,1614922,1705779,2584122,440855,685423,1425919
"8","DSSTMGYMAAK y8",901001,985339,521077,1016707,1719785,822092,1657420,520635,1350221,487760,1523507,1009484,676030,1007395,1177484,37346,263555,498716,167027,1475401,497274,299483,97049,953231,822157,874354,369947,671330,1196477,1204324,487257,37587,475413,470005,2173563,1910444,455453,2186426,1409784,2454122,784182,1090872,1698592,204205,106487,553840
"9","DSSTMGYMAAK y7",1479904,1579906,785532,1539532,2765750,1191936,2761402,787360,2089170,745040,2423180,1565853,1031708,1564163,1866316,58826,374600,769479,258141,2417452,768036,493766,126286,1527740,1329834,1375540,548486,1022328,1970169,1840427,720300,45302,685489,714759,3537141,3163572,689137,3519685,2274058,4010789,1179858,1767048,2666670,300076,157789,863299
"10","DSSTMGYMAAK y6",1514402,1740511,839748,1698212,3131346,1315800,2971449,892695,2213534,812304,2620555,1648461,1118585,1688272,1900822,53843,418805,823706,299087,2632608,836579,476604,152172,1601733,1387213,1409194,545855,1048748,2109562,1965499,804859,53649,731458,788028,3833974,3332870,756392,3896779,2396891,4350084,1257144,1942848,2925074,328194,163020,949492
"11","TTPSYVAFNDTER y8",119164,189877,60606,98521,167437,140489,173188,90330,129257,122194,183670,227219,107988,171314,138840,14978,74189,80036,33759,107512,99231,41529,36792,183154,102081,99259,91753,75981,182354,104889,99791,10029,85616,78870,208721,215440,85130,187412,171111,241886,111633,99050,179074,33268,54168,143711
"12","TTPSYVAFNDTER y7",206708,320172,92929,166517,258727,234481,303678,133868,195754,182710,302895,385237,204479,263555,237378,25285,121910,111627,46446,161650,149720,68783,49187,269602,159795,166882,142753,121155,284773,181799,166235,13335,153936,126802,333044,337508,138690,311381,294113,406558,178353,175942,289921,45674,80720,224639
"13","TTPSYVAFNDTER y6",87017,128448,35050,55805,100357,96359,101489,54172,80361,69230,113321,126626,73195,103297,79860,7728,52928,42926,15933,67129,57210,26890,24200,100772,67853,73064,48246,44073,105582,54646,68607,4749,68761,51276,129755,127430,60826,122239,125531,145191,75972,70836,100783,17541,29883,91789
"14","NAVVTVPAYFNDAQR y12",116113,214695,166987,226217,351498,179768,347393,124520,297330,127631,203788,207787,229312,173114,214126,23548,62732,223266,65954,217637,101733,60843,56768,198890,193930,190249,126848,112219,122721,185170,146974,4551,159388,147955,406595,411215,107848,362699,219494,346366,203456,175850,203108,46461,88345,146844
"15","NAVVTVPAYFNDAQR y11",239037,440351,290476,367847,618453,360053,678375,217696,617158,248987,455238,380337,481771,357852,520354,55062,135489,439948,124563,520153,229076,139404,113281,407374,378394,392642,237857,234697,306254,442238,311569,12859,273323,240555,832984,780719,212206,738542,458100,686530,401718,333607,480554,96353,157938,276158
"16","NAVVTVPAYFNDAQR y9",2105973,3811879,2692040,3096484,5070330,3149939,5784408,1866986,5088041,2139066,3739062,3118043,3898138,2981738,4385235,443349,1198382,3587624,1105554,4688636,1992285,1297839,1064521,3555206,3275863,3458883,1966064,2133939,2812527,3812162,2762101,128651,2215936,1987449,7280116,6684604,1806133,6236851,3980204,5939800,3182415,2812939,4332514,991754,1511350,2346070
"17","IINEPTAAALAYGLDK y12",5552368,6782910,5280474,7326807,9662561,5096676,11499677,4226204,8359440,4680747,9303972,7199023,7874162,5647157,9086862,1290197,2461945,6604507,2146227,8934777,4852968,1159224,2124103,6513154,6881449,8075449,4403393,5147668,5552614,9688607,6378075,83572,4754414,4609038,13468188,12781063,4062213,13188095,10109477,13718861,5967085,5709847,10204618,1934869,2711865,4980659
"18","IINEPTAAALAYGLDK y9",1119977,1449636,1055032,1493224,2072364,1046583,2444636,856423,1786300,941163,2014894,1484149,1611366,1133325,1948326,259665,468202,1286000,416309,1891331,1009111,237541,428600,1340254,1399757,1658207,867828,1064335,1168982,2069563,1256188,14214,970891,930555,2978011,2806997,768545,2803794,2116084,2955495,1197100,1149038,2234795,361340,529509,1003502
"19","IINEPTAAALAYGLDK y6",1229493,1589977,1194270,1682846,2443083,1209801,2888313,926791,2045801,1005618,2177917,1671971,1812052,1285839,2169633,268403,481254,1446900,448006,2100588,1037664,271511,459608,1500819,1563719,1844838,934177,1100872,1282346,2258645,1393683,11820,1044818,1045532,3411803,3309395,820385,3293263,2478914,3441681,1285175,1295846,2420975,366013,541277,1055766
"20","THGAPTDEER y7",48414,86676,8023,25465,30243,39312,19361,32358,NA,NA,39846,NA,1632,110375,90939,NA,16167,22317,30620,33228,41464,27574,22759,103913,13653,27911,28459,17193,112688,28644,NA,3015,7927,30432,33494,NA,NA,NA,NA,34813,NA,51816,NA,18065,11990,16760
"21","THGAPTDEER y6",199695,299307,24603,98952,94783,120499,70702,89336,NA,NA,132844,NA,8149,351426,276726,NA,55022,52740,95707,94092,158455,111102,82482,316104,45861,108849,84204,51754,405578,88093,NA,10013,27472,116455,120724,NA,NA,NA,NA,97782,NA,182343,NA,58297,46011,63438
"22","THGAPTDEER y3",40193,61506,5906,16588,18947,33274,14654,19539,NA,NA,39947,NA,3503,79836,60129,NA,12126,12652,21217,27456,36903,25586,20329,69220,7910,22999,25131,8037,92042,26633,NA,1773,5335,27790,28764,NA,NA,NA,NA,30768,NA,46791,NA,13984,9851,15299
"23","ISLTGPHSIIGR y9",396309,638255,131902,514555,626595,652773,635239,242145,981177,294289,691677,599593,249436,867434,507854,41802,134663,201390,100769,389799,349267,394781,152866,484759,136984,250492,195787,149361,718388,216221,203704,15261,88625,249191,569790,607062,201895,535926,372171,563104,173266,577647,478865,125375,84702,157936
"24","ISLTGPHSIIGR y8",474276,785817,156416,636894,781970,820631,822963,267332,1252917,321609,870183,746052,279751,1103752,638942,56541,166677,251485,132363,498775,389457,392874,167326,551137,168032,298984,207602,153150,872848,276787,254951,21156,106860,306568,718353,683504,226076,685272,473154,688497,187998,673807,581677,136077,108376,175331
"25","ISLTGPHSIIGR y7",220282,380456,81777,302038,364646,378996,361091,131793,573038,157706,386937,343040,141811,525842,285947,27881,78715,124675,57193,235944,183842,200712,89299,258443,84610,148781,106026,84149,392063,124331,131736,9505,63994,154592,339065,324680,106924,306874,208402,317818,101879,319819,280895,62126,57597,95118
"26","TIVVHADVDDLGK y9",302722,645575,92071,479815,575493,603298,534295,186500,739310,145783,624463,489537,189434,735326,411908,30312,147581,147383,130802,431125,230384,251766,110520,371694,111146,180083,154045,116783,611551,208228,213464,9239,80828,153301,475286,507360,162916,464210,388729,466150,140962,458856,386292,85399,70451,138779
"27","TIVVHADVDDLGK y8",197856,451861,49084,315130,363688,390856,367822,102063,487710,97412,410015,349341,132528,514871,288293,21126,100270,92511,93361,276513,137005,154560,67632,237080,75168,125640,99539,73493,400006,136183,121534,5272,55047,86937,328021,313446,104425,288162,232746,320872,93246,296259,254958,62455,39565,85095
"28","APNSFNLR y5",1150366,1342190,651315,1129302,1642369,1589218,2024078,898561,1529126,928792,1510829,1415168,1039787,1540144,1358514,385155,353917,739148,474651,1456671,1034510,356947,292157,1123985,711146,946438,610093,703274,1550107,1098601,800968,64065,527347,813299,2100745,1829737,641258,1696721,1195487,1256562,842856,1354173,1246576,311853,279464,616628
"29","APNSFNLR y4",487286,587633,311012,547677,714727,728293,892934,436460,642203,457689,669605,670347,476292,697012,633433,184315,160963,334544,237834,699074,487970,152196,134462,542650,308989,420280,290818,324943,705371,547275,395546,25491,241490,399548,954306,809766,328520,795090,541130,544437,418102,649722,591632,133249,144074,273278
"30","APNSFNLR y3",307073,369905,144260,404817,423115,445620,489468,289850,273066,238878,422487,395317,253361,392434,314560,458491,76468,169111,189091,394822,221288,145467,81266,347630,153773,224803,156510,155788,472818,221996,184643,15704,122340,205664,533255,441223,148072,421225,286502,285322,194029,371468,279668,86909,60474,128489
"31","VLYPNDNFFEGK y9",1051138,1456587,633344,1433156,1730536,1417339,1858000,941016,2035595,981110,1921516,1535311,1090547,1585918,1650049,422714,407463,916021,518938,1469379,1068830,1214552,332003,1675582,822013,897514,761056,799171,1788575,1159994,797709,63733,696914,890318,2021091,1913033,661598,1719875,1375174,1675642,896687,1716274,1190465,363598,339002,641753
"32","VLYPNDNFFEGK y8",106363,160919,59819,153548,199685,150980,211684,94605,225957,101392,205526,152397,111640,167984,176595,44219,39646,84957,52789,154735,118238,124997,32486,177136,80625,93218,77445,79930,220612,132777,75732,3474,57823,85285,231612,207832,60783,185469,155702,177639,79344,195642,132862,28742,24008,51811
"33","VLYPNDNFFEGK y4",63862,86693,40444,96357,112628,89121,138781,52508,129228,62010,113153,99694,63091,85446,91004,20069,27116,52082,32998,93808,53806,71163,22711,114190,44688,54990,35347,41703,100251,67231,42326,1617,40934,55662,125818,127995,43592,110950,76724,99860,45176,86905,75200,19633,17547,44395
"34","TSFDAFPDK y6",680653,939521,425835,914160,870273,917164,909851,589603,1112972,595990,1156305,959130,630677,1040640,1021379,226981,210580,585185,251542,956035,721587,673209,162381,945438,449269,595388,373144,422354,1194478,723392,509618,45893,367111,551065,1140601,1175223,427167,1081263,794031,1038793,553941,1138954,790727,210640,182784,426683
"35","TSFDAFPDK y5",396378,537890,250309,551281,530156,575557,562220,325230,664228,347654,706422,578802,355743,638371,600317,132166,113985,345162,153158,559902,398379,395827,83394,558254,253519,324830,202024,241187,692675,409655,277604,24339,199933,310996,705525,739335,252738,656573,449696,590562,303583,688338,461469,124268,99041,250051
"36","TSFDAFPDK y3",635073,945624,401467,892452,898330,894290,934431,531931,1079419,573570,1194658,949072,591009,990540,1012985,217768,209959,533202,241143,905289,616953,635202,155316,911558,431979,526510,343758,411604,1104724,673634,470987,46406,333352,525163,1155750,1120777,386245,1027654,815454,969907,494824,1120639,723817,198571,166247,381436
"37","IITRPFNVNGLLAYDSR y6",292743,364385,101645,351254,296774,257403,394168,337712,688763,378323,371485,420205,314508,210392,442921,45219,72381,239499,119404,302788,239553,97633,85368,338379,182606,338807,175768,244381,440136,324776,187871,94,198827,255865,530011,562362,186006,415392,185180,339287,212633,506530,360572,94481,108893,256871
"38","IITRPFNVNGLLAYDSR y5",275078,345115,107330,348598,285440,258822,414805,324476,694343,366767,345591,369239,307480,202885,427748,52448,67211,257161,130421,283000,208695,83797,79069,309956,178059,334495,169058,232063,390593,318535,172636,658,211166,242743,480394,516894,170493,358093,176513,286343,205761,452712,354516,88039,102180,218279
"39","IITRPFNVNGLLAYDSR y4",73724,68333,31684,76235,73867,62882,95342,73716,151616,83569,79608,94149,69712,50017,95662,19643,17953,57658,39585,64515,52559,23924,23616,71912,45824,71628,44917,53469,92414,82399,52355,72,49069,63609,110854,115910,44413,73380,50748,74813,46161,106660,81396,22744,22172,66556
"40","WLDESGVFLPEEHPSR y9",78312,120656,38692,114908,94401,76069,150348,100047,250116,113118,119091,120797,92804,82399,129088,16374,17667,88808,32695,102682,63914,84988,18435,115759,58118,94546,50480,73463,161217,104451,59338,894,55982,72235,174538,195971,57052,134426,83497,117923,69758,181512,120477,28829,31898,75410
"41","WLDESGVFLPEEHPSR y7",404236,581775,171585,556849,488679,353178,701789,515694,1257888,562342,639114,653063,480976,428766,673343,87806,94924,410923,167721,559091,323873,468160,121069,593490,299714,502865,267631,360305,836405,494480,258582,9246,281737,368517,923661,1005266,245790,681751,393721,574384,332290,879458,582672,144632,150266,338318
"42","WLDESGVFLPEEHPSR y4",126910,174854,53056,176617,149051,101804,209680,147517,361545,149322,171943,182125,154563,116487,178955,23533,25507,116681,45469,148937,81665,128123,26545,177510,75602,145473,68760,86435,238278,132682,82097,1406,87017,98156,268680,322225,68417,221330,112374,152944,93013,269906,148332,36748,39466,82637
"43","QSLLPFGATGPR y8",1764122,2726470,543190,2290926,1930201,1847494,2488261,1673057,3819158,1922205,2327698,2367465,1528802,1478834,2849309,230256,272548,1225051,563660,2385851,1218555,1803011,400722,2493015,925808,1757743,844307,1269150,2993024,1717445,867988,60326,906889,1115161,3142785,3318655,718697,2491371,1454112,1908974,1031354,2987713,2230830,386791,475012,995773
"44","QSLLPFGATGPR y7",78645,119037,26355,99359,87275,78596,111964,69948,191137,85885,112758,99537,73316,70811,129022,9451,14671,53697,21710,119810,50248,76504,18055,113300,38312,76633,37839,59689,127493,93259,42331,2143,37861,50446,138393,159090,35082,115989,69637,96852,49968,130780,101893,12059,17366,39955
"45","QSLLPFGATGPR y6",81199,136916,29750,103394,93809,86202,117316,62996,162985,83515,106942,107495,76212,84151,119162,9326,20812,52799,26936,111234,53663,78913,23147,109332,37853,63671,39765,60204,110226,77975,39719,1866,38006,48169,149871,142756,39004,102091,55952,79168,51348,137766,90380,19966,20148,46137
"46","AGELGGSDPDYAMR y10",820589,969344,290344,1154766,1350074,913988,984120,550406,1461820,422163,1065830,885400,383016,842836,982296,264858,217413,314380,287707,1286827,470403,2409673,174035,743054,337920,533289,403451,343096,1137456,446223,343155,68095,233788,447362,1063941,1239206,310724,1008689,852297,802613,344793,1265107,980902,326441,112308,289192
"47","AGELGGSDPDYAMR y6",1328285,1802629,468469,2151362,2168618,1684777,1479376,1050201,2851461,762896,1670015,1425824,527339,1403049,1363896,921650,322559,522324,785264,2010056,782721,3560733,299647,1259115,563030,698365,738337,495465,1855623,617448,467028,69104,379135,869171,1566900,2093006,504281,1625918,1202818,1116737,542485,2094962,1453999,469476,159692,424808
"48","AGELGGSDPDYAMR y4",236736,282089,78711,356602,425443,282414,278060,168022,441972,110817,300976,257711,102447,236621,259772,68694,64822,91245,75747,343913,107894,645749,34175,208456,95835,136561,97979,75267,297396,104213,85370,17937,62315,128530,280821,352335,76548,298966,223366,234205,103940,354949,267800,93694,29712,89153
"49","LYSYSDTHR y6",109294,94540,28413,188711,142243,113205,158027,74565,157740,NA,167430,104891,46773,114477,175756,48916,29947,54026,42294,178551,50739,252525,51791,126396,48776,63445,57254,54097,180985,60637,60191,6320,47561,72490,117084,NA,NA,NA,NA,128753,9737,181143,NA,37565,47358,36601
"50","LYSYSDTHR y5",129328,111597,28511,197801,164347,112290,189333,72001,197924,NA,183350,126569,45845,121913,211957,49759,32936,63753,39951,202513,61275,253858,43862,143817,56288,50721,47815,50683,187387,70407,67893,6666,36173,70319,145904,NA,NA,NA,NA,138323,19324,193397,NA,45820,35301,39572
"51","LYSYSDTHR y3",58851,57993,14838,106095,82111,61657,100980,35778,100650,NA,108880,61084,23853,73110,113626,24582,14927,29859,29003,106549,31684,126224,24610,67260,26421,33458,25772,31840,91339,40231,36298,4230,21142,46001,69962,NA,NA,NA,NA,84656,11721,119831,NA,20615,16747,22482
"52","LTANIAGHLIGAQEFIQK y9",156143,120795,66256,242687,208605,95153,149916,106991,223927,89731,144235,202048,103829,107783,184694,62340,51219,79435,61883,187234,101415,113307,49800,142555,87048,120826,95747,79136,165973,86687,88999,2998,86306,121380,173617,206588,63522,164476,160657,156910,74631,174697,149985,58898,42184,77312
"53","LTANIAGHLIGAQEFIQK y8",211457,142748,89105,311133,230480,127292,206474,140328,297501,108026,180009,217811,127707,143381,232446,88575,81680,103465,83430,233185,111395,165182,67194,161007,114404,144636,112056,105251,201785,122469,127548,1036,90570,131441,228764,228691,92634,217696,207667,210068,96523,244604,223665,89037,48678,84439
"54","LTANIAGHLIGAQEFIQK y3",125752,103559,46990,187006,162263,101212,128062,83033,216058,62476,113698,118377,90387,98632,145433,49102,45384,53653,58403,145898,62535,105526,40670,98463,62615,89508,74914,60315,135180,95595,76235,215,60924,79306,149712,150257,60104,127170,123521,129529,62051,140614,133792,48450,22111,66747
"55","ALFIIDDK y5",1248318,1304784,1021928,1614829,2143386,1146083,1755857,1153173,1776820,1172454,1668932,1530395,1456312,1593593,1580467,298524,623050,1153390,510300,1439680,1199985,786502,588576,1326128,1117238,1156543,920960,1047685,1970243,1651622,1085562,103959,959236,1107750,2460853,2550906,735698,2547175,2137010,2280377,942015,1878897,1510490,560385,540208,845807
"56","ALFIIDDK y4",1279961,1364350,1066875,1749938,2395879,1182842,2051623,1136811,1840678,1200679,1762751,1669918,1511896,1733052,1749394,307085,588965,1193320,520991,1516162,1240675,825614,582872,1433038,1106444,1188572,960214,1050885,2034343,1694977,1068106,98350,993414,1129397,2686461,2873228,738361,2950934,2243908,2563138,907457,2031788,1565348,550048,522972,808986
"57","ALFIIDDK y3",325857,365794,267649,437307,649468,320259,559932,277054,483800,289801,466427,409150,357681,439758,441521,78207,141412,291944,133914,369132,275091,198794,149230,341370,268217,287316,231058,242494,499499,441329,278005,26989,229628,277660,686100,728523,176900,766559,594071,661857,213101,495737,394523,150244,125177,202758
"58","QITMNDLPVGR y7",934912,1219387,575830,1358162,1623938,1249134,1718150,623936,1427666,652593,1374587,1192511,753245,1342882,1279573,136508,267337,673944,284300,1187918,716237,807970,275252,1105432,547807,737312,471269,551154,1216728,814255,579359,29875,450250,547051,1688232,1824018,413036,2000603,1273775,1690394,623235,1322450,1166333,258142,221618,441180
"59","QITMNDLPVGR y5",1190780,1665943,747448,1888584,2367703,1716340,2458447,804420,1999831,852094,1884036,1653810,1017324,1898310,1799466,172697,351751,855363,365015,1578230,917138,1116085,337913,1483115,703195,1014494,601165,683910,1700751,1142550,734382,51238,570312,737176,2368074,2565473,524606,2764721,1648015,2329521,787968,1827836,1557220,337688,262253,554961
"60","QITMNDLPVGR y4",1395824,1886537,892622,2167696,2625473,1919015,2749415,982031,2238011,1002756,2185427,1913334,1234701,2172363,2153384,224434,411175,1034034,433131,1831879,1104758,1230883,418377,1714393,852441,1171381,731064,863841,1988985,1319127,941075,60827,702881,889992,2767699,2876659,646748,3242106,1919854,2694863,933768,2097206,1825042,418786,371107,705302
"61","LVQAFQFTDK y7",1146161,800295,813859,1378692,1489084,533441,1317443,858817,1430804,885261,974650,1193867,1163010,650600,1208580,257916,534825,943071,455633,1261685,988023,149200,432899,1025851,860008,1038192,634856,818351,1151216,1130495,916736,64747,827410,910570,1538634,1559625,583745,1717104,1234532,1374157,781039,1055413,1330234,467521,465639,721482
"62","LVQAFQFTDK y6",631028,431177,432832,695443,841609,305041,705285,478082,759443,479445,563085,639065,635855,403162,660687,134888,254298,519962,242140,662217,545002,84517,243323,560431,451920,554369,348599,421764,660099,604169,469358,28580,413484,510118,882923,853200,277494,953698,712059,754553,406500,595526,724329,253940,235185,385984
"63","LVQAFQFTDK y4",332329,259178,233613,422434,458982,163376,383465,266089,429353,249655,297858,374615,351978,210142,355857,68154,142852,290739,127378,363944,283359,44924,129335,321130,233393,300769,178491,230593,351130,316707,253544,20328,241387,253875,451895,473428,173683,551393,380518,408694,222239,321336,405039,139652,129112,211142
"64","AAQDNGLLTDVLAYK y8",107022,205227,97138,108398,239862,168626,280653,82355,209355,81639,254699,142525,147129,188696,215481,21354,33775,132788,42231,225108,88330,104788,44825,175169,118114,141979,85659,71825,156588,167923,127794,722.5,78029,76673,349418,263441,90762,299799,241992,229907,119760,173845,192435,47196,51746,74525
"65","AAQDNGLLTDVLAYK y7",74904,106447,64267,65066,166980,87595,174499,55219,145008,54715,151400,93617,92100,113028,132928,11513,23153,80456,25068,127427,56111,63995,29970,109896,69869,83431,48125,51387,89764,98364,75350,722.5,46258,45951,195087,180090,53537,178537,142009,142090,74672,106234,101422,34920,29994,47419
"66","AAQDNGLLTDVLAYK y3",48201,78314,37636,52766,111616,66603,122813,38212,91081,37806,109973,67285,60543,75522,90456,9183,15094,55605,20560,102699,37877,51136,21578,77411,54830,62981,31314,31149,62266,78061,50034,631,35061,32703,140809,116775,39523,137805,102641,95783,56966,79930,65043,25841,22695,39540
"67","ALELGLKPK y6",168179,266521,112265,194532,355554,207327,362563,95512,325989,117133,299501,157852,173049,263075,274686,42305,40162,121958,53974,273268,101537,184604,46183,165321,91424,140583,87036,76998,186163,169051,157209,NA,56512,62092,382681,357742,82035,378585,216524,228322,122878,157916,247103,49141,49758,85748
"68","ALELGLKPK y5",144501,247789,106346,176179,365315,188167,375857,99948,336588,100389,315679,155628,174634,244658,281011,22421,34253,105931,59395,292847,101946,199069,45438,173634,101619,143288,85402,94874,186159,164545,137892,NA,62332,65488,377521,345428,84482,373286,239681,248371,138320,164050,256984,58716,49464,88214
"69","ALELGLKPK y3",20772,42480,24511,41686,71695,39855,69532,21042,53022,19387,62126,28274,36337,42219,52118,7603,5276,21586,8320,71577,22820,43726,8904,40711,24726,22106,16193,13210,44365,26242,27833,NA,9402,8574,74206,61344,17791,54236,53830,43408,20108,36909,45668,9846,11965,12393
"70","FNLWGGSLSLGHPFGATGVR y12",25172,41210,23220,34520,93985,26323,88386,15859,51119,14247,63533,43980,38864,44530,56820,2027,4638,26675,9460,55132,23541,12227,7349,44815,31353,33541,21647,13614,39748,36305,29540,0,21675,13755,69568,89577,17685,70904,53378,49213,18827,41213,47278,6329,9459,17456
"71","FNLWGGSLSLGHPFGATGVR y10",82806,148063,72048,110661,238663,78143,218687,63409,155823,49124,203623,115822,128296,102340,158900,9548,21225,78350,22824,158815,54278,46260,16001,112554,78806,109568,50022,56183,120653,129985,95470,236,55367,49626,214567,239661,60934,239279,148445,161953,60163,115764,147475,27258,22206,50688
"72","FNLWGGSLSLGHPFGATGVR y8",249113,395789,182994,310812,696392,205122,625484,155638,443788,146316,557428,332508,318621,339108,449358,25702,64803,232369,67131,447790,159849,104859,49738,311415,214882,298835,160045,153189,324051,340600,257253,640,165348,144093,632447,664698,155080,672713,426871,448771,164271,370111,437104,65759,56519,148418
"73","VVLVGDSGVGK y7",375390,524587,226257,481166,746464,444531,608493,270279,662936,291639,742834,402585,324327,457308,559987,40097,115761,228723,138715,530902,251109,331190,100616,456000,224299,342826,202483,246949,618036,384104,315441,17598,248067,241050,764950,743762,274211,719147,641929,659385,285713,581489,649374,113786,129179,269897
"74","VVLVGDSGVGK y5",94052,127775,50983,115661,181727,111127,173730,66297,164513,62634,191418,104624,88357,110037,114805,16214,29310,58333,30290,124447,56080,63908,21641,97141,54492,70006,49488,50761,118086,98669,67431,7291,42658,60320,171026,169831,68573,154511,145735,158799,63835,135834,161366,22435,28572,57475
"75","STIGVEFATR y7",1636808,2979930,988741,1811547,2832594,2616994,2844345,1390603,2387094,1259188,2969825,2459326,1547193,2446610,2465981,241553,427684,1366344,737188,2025056,1259448,2069999,397636,1904270,1199634,1693333,979110,1026231,3217251,2158870,1303820,70326,914077,1337400,2844647,3942257,1068471,3042890,2472081,3504911,1151850,2993958,2665077,542714,462581,1161474
"76","STIGVEFATR y5",753075,1368341,481440,831564,1351645,1237957,1303823,674315,1069537,626736,1424815,1134618,717391,1178726,1165076,113741,206436,631571,331847,957919,586459,980848,182976,932778,568467,794380,419588,486325,1462141,965178,639723,34010,442414,652391,1320455,1877250,499411,1401266,1153833,1644727,582518,1334690,1227586,252295,224252,556963
"77","STIGVEFATR y4",215712,404015,142662,266050,408020,384596,435728,198974,340868,178355,423735,351014,212994,352589,334422,37652,54642,202818,109717,270847,186519,298972,67686,262850,152787,235647,134938,152917,434723,290045,187009,10020,145453,206965,381894,567508,152526,407968,335747,496419,168035,435588,364765,81106,70443,152552
"78","AQLWDTAGQER y8",527774,938623,367384,729459,880436,770971,892328,624284,944297,553299,958777,828402,438284,669338,582800,113437,206820,575412,341379,761377,532472,597161,222370,776269,487701,681309,437972,457769,814941,851485,489268,49022,378443,552211,916474,970957,485168,902895,615734,1103873,481027,938053,864435,220502,229832,480396
"79","AQLWDTAGQER y7",313578,541540,206069,441031,522067,433406,474898,359977,517349,276177,515150,470291,232682,362418,321654,59488,113561,303656,165957,441816,285842,313572,133079,427707,251251,357753,246236,236528,456440,456478,251855,24353,196873,281914,516059,537222,273645,561965,347345,613221,276230,497757,504091,116828,128416,280477
"80","AQLWDTAGQER y6",131054,254068,86167,200126,254433,191782,245036,168366,247789,120861,226705,221472,118500,173385,157114,26205,51267,144866,72622,198299,128659,144928,56688,184849,128275,165988,104296,99239,196486,212358,119136,9367,84056,142588,217553,261859,109644,243500,158703,273538,123565,241470,220789,44476,54545,121073
"81","TVIEPMAGDGLR y9",149135,186718,67594,226111,205188,196097,204909,111632,322295,99807,211100,166814,85381,168571,183202,38040,25448,95718,58960,175451,122377,71757,26512,123561,83694,93405,58622,65028,194916,99774,59176,3523,51044,93249,234307,217936,63549,215221,125009,189073,68924,165177,170081,40544,21868,63027
"82","TVIEPMAGDGLR y8",614305,790987,300701,923859,910296,805276,892509,450033,1308997,379418,868184,700626,378647,659008,732767,142859,108898,355758,231753,771037,474375,282323,98982,512114,328744,392483,255938,282562,816649,456300,259909,20775,224025,349514,983314,1013911,237881,952169,568401,772039,259899,755213,697456,158161,77927,274060
"83","TVIEPMAGDGLR y6",43343,54426,23527,63917,63402,58880,67154,32892,101408,30057,52554,55169,31733,44897,47143,9678,10566,27993,20553,46759,27257,21056,6359,32747,23826,23556,12288,20166,60592,25218,21235,1600,16492,17816,55375,73774,21020,63140,42865,62990,16285,51457,49048,11043,5882,22044
"84","MVTGDNVNTAR y8",124192,171169,58983,203457,214458,186297,215534,130733,NA,NA,218040,160230,98363,153318,159143,31858,25506,93911,86554,176352,135467,79859,51132,156603,97576,124695,80513,92774,215675,134734,57553,12823,62479,111547,255102,NA,NA,NA,NA,180296,NA,212715,NA,41436,33243,78449
"85","MVTGDNVNTAR y6",73907,115022,35197,127797,141205,119778,130137,91538,NA,NA,139346,104481,44543,107432,85455,17050,13863,57267,46226,110675,78225,53616,19615,92999,50794,76368,46331,48322,117849,60859,33987,4541,33564,46458,164827,NA,NA,NA,NA,109028,NA,130096,NA,22476,20988,48002
"86","MVTGDNVNTAR y4",71564,127687,31847,115669,132449,85790,117513,92389,NA,NA,134620,90459,36741,107740,87880,30183,18305,46796,51511,107666,83340,77598,31360,94364,53964,75225,37684,48005,107627,78772,37986,4440,50031,52427,158668,NA,NA,NA,NA,118433,NA,111506,NA,22406,28594,40676
"87","LLDQVWPDLR y6",138971,198412,86141,242522,190774,178476,191536,137697,310924,119784,177202,176411,89727,154455,158780,63405,40422,116625,89734,174207,151415,97654,47722,175019,109868,137447,102471,104268,188395,153069,83283,1012,86462,116906,206030,247894,88636,192013,186592,160828,94492,169795,161050,50539,47933,82668
"88","LLDQVWPDLR y5",361977,433806,229066,569101,490058,457117,474108,376464,724330,326093,485236,444771,262304,391974,412636,155065,101470,278180,219608,457222,388530,214931,120527,459195,282377,303669,306094,230333,492161,390047,248378,6505,203411,269351,535601,620520,220601,502363,494970,432266,222344,472641,430274,130090,119327,210191
"89","LLDQVWPDLR y4",140457,179709,92913,255163,196540,186318,189604,136667,300262,110664,176718,180915,101000,164553,180061,64695,43774,106384,94608,162348,157249,94436,62505,185250,114172,123501,115052,103014,195128,160291,96255,2022,87812,116388,214982,228096,86840,209654,205217,161930,99534,186777,166345,58418,53056,91390
"90","LNSGSVGVYR y7",486874,632258,288303,622785,1092114,606180,1069073,395755,819111,360022,911934,593521,456938,568921,583236,48937,183515,352249,187790,610950,484549,300819,127147,446776,428532,566449,239845,406936,685360,659630,399376,33098,340785,394023,1248465,6559,NA,1192244,703139,1065085,385704,666189,793474,141128,177859,384373
"91","LNSGSVGVYR y5",305144,412885,205756,410727,749268,409377,772689,297006,571547,266967,657968,418717,308140,410337,410329,28013,123117,240051,125507,423488,322096,216970,90478,300398,280348,373285,159377,288469,472981,426035,311796,22668,209674,290318,867738,18675,NA,788039,530923,747002,296814,462396,549514,85603,125110,279568
"92","LNSGSVGVYR y4",478405,610655,275603,593077,1074250,583889,1099507,403549,805721,343763,942802,610369,439136,560909,594217,42858,181128,330096,180621,587964,433102,297331,119826,442672,378472,548493,210009,387621,666202,591303,419472,34961,299651,414230,1231403,8109,NA,1145163,706130,1077701,395791,635903,782690,124492,186413,362489
"93","SLTENFVTEEQAK y7",408764,520303,302582,503903,752763,449838,724924,358984,529017,310994,619187,559756,418209,588216,552665,36195,155331,360989,144013,495115,404892,246841,97265,367285,330375,480282,213225,354244,546767,576633,314691,28259,293539,384873,877649,763923,242048,787479,661902,883822,381721,582233,584996,157299,151761,325860
"94","SLTENFVTEEQAK y6",418478,518242,322679,522492,748924,500426,762349,384844,602136,318642,646983,594775,390444,577500,567999,49542,146109,368271,152117,555764,383875,250798,108138,384708,327824,484918,221926,334856,543812,562448,326551,22673,301889,383399,932941,801456,275410,869508,675578,889628,406365,616573,611927,162523,154289,343882
"95","SLTENFVTEEQAK y4",75041,97246,60865,105568,150250,97963,151498,70932,109807,74770,112025,110538,83702,110869,107686,7996,36016,68129,30604,103081,85161,53848,23762,68071,63147,95885,39418,68257,113713,117878,67856,4089,61516,88040,164086,154280,54692,157326,129015,175463,72261,116788,112098,33067,34472,70836
"96","SIQQSVENIR y7",962286,1173357,583708,1228036,1906507,1200490,2079809,735953,1951551,620896,1593731,1290960,856399,1409203,1276083,78278,356634,678726,349221,1299434,821658,744308,223291,924076,646058,973233,482931,696371,1243698,1131769,705892,60824,546201,728348,2393700,1834653,527865,2234759,1454377,2113669,749572,1324794,1416898,308406,339377,667351
"97","SIQQSVENIR y6",917404,1264150,586278,1277762,1985273,1204939,2278650,773709,2106470,633580,1598419,1310079,834134,1350096,1234772,82057,353102,620256,361794,1288578,828443,716332,197526,820121,610507,964965,460087,702316,1158401,1146334,670401,48505,531670,713238,2514365,1962215,510436,2231954,1524171,2240236,752422,1299192,1390540,283800,308410,662327
"98","SIQQSVENIR y4",472468,643485,331908,695350,1048647,621693,1100047,346553,1128034,309346,828640,633203,429612,709033,592592,36648,187996,347136,178449,648577,409357,355761,100278,418770,314232,493009,244443,368092,562303,580305,327125,29887,267666,367910,1281043,939257,262055,1133555,759925,1084875,392431,615905,668165,128494,151449,323113
"99","NNKPSDYQGGR y8",795365,1209911,652410,711673,2497626,610511,1416447,584524,NA,368,1207895,NA,252325,1794234,1873891,NA,290686,1086385,465401,1597020,674082,863629,311452,1166626,466700,1252899,769041,522805,1328084,1260822,NA,31702,355909,694870,2702624,NA,NA,NA,NA,1195922,NA,1082235,NA,369885,352568,827714
"100","NNKPSDYQGGR y7",31451,56666,27722,31904,100556,29659,60916,23601,NA,521,50609,NA,8899,78187,75402,NA,11751,36905,18857,69772,28669,35810,15161,51096,21031,62177,36845,27568,69477,52245,NA,1382,14856,35288,108379,NA,NA,NA,NA,47414,NA,44891,NA,16369,14047,34357
"101","NNKPSDYQGGR y5",78099,141106,66566,80154,270232,64471,152359,68780,NA,252,117487,NA,27445,183865,199437,NA,33152,102071,52086,166159,70832,84536,28414,119915,53551,139622,90181,47599,139036,149360,NA,2169,38140,68762,281248,NA,NA,NA,NA,122835,NA,124838,NA,34052,36477,93016
"102","DNVVVIGFFK y7",3729411,4352748,3698743,5539128,8645563,4514377,10180022,2966592,7379266,2453078,7973434,4968348,5914770,5678178,8692852,1398931,1787468,4822617,1823341,7162258,2757963,3095675,1186612,4643543,3925452,5030836,3244263,3103684,5386355,7839740,4816930,82703,3363864,2863497,8890784,10048665,2792595,7424395,5848738,9458179,3014142,5389176,7814702,1268628,1674700,4140386
"103","DNVVVIGFFK y6",2688799,3232527,2635665,4005842,6539202,3273236,7519111,2123338,5519306,1801110,5920898,3689311,4307065,4131930,6479074,944177,1257671,3488265,1262398,5297030,1927756,2237283,850996,3256213,2782456,3672197,2345015,2203144,3887004,5703568,3452269,54057,2348917,2096638,6721560,7430327,1979661,5604962,4325926,7043155,2095790,3997005,5572773,859377,1159910,2930767
"104","DNVVVIGFFK y5",720966,882421,690562,1116479,1815439,860729,2043716,582571,1497333,458573,1606532,961828,1135910,1140103,1658985,269304,350281,901075,359545,1401114,507846,600826,204339,878229,747361,929546,616733,583379,1014458,1501906,933514,13818,650275,580802,1858986,2027765,530005,1558754,1158596,1926027,575842,1066523,1475163,243182,310312,765393
"105","MDSTANEVEDVK y8",908797,1132083,729205,1330111,2060866,1073875,2014518,681380,1416442,573086,2034512,1118173,938984,1183719,1961901,259514,370126,871201,268715,2081849,571603,1543671,174176,1130770,812550,1039808,497959,674458,1241589,1352698,755106,67107,595140,578173,2111075,NA,NA,2160329,358910,2107644,659364,1336616,1995919,286203,178242,864752
"106","MDSTANEVEDVK y7",839033,989938,670335,1229383,2001904,969781,2007457,664626,1355375,518973,1846339,1056402,877891,1125233,1820427,244616,349004,785892,250925,1973673,559050,1407194,158410,1034280,743270,954658,449481,591874,1194020,1212559,692121,64403,549834,558131,2021065,NA,NA,2108087,191486,2042858,613504,1267003,1953532,276322,146450,815683
"107","MDSTANEVEDVK y5",336991,408865,265385,504757,832725,407145,798596,254415,522633,214592,729599,423251,344705,456975,710311,84694,128642,313577,102489,797155,190256,558975,62631,402261,287369,382165,195393,249161,472568,506985,269057,25295,231200,223283,823668,NA,NA,813681,129135,805060,263353,506853,752749,106251,63012,309655
"108","APGLPAQIK y6",468415,778783,265305,678507,709274,531478,888000,247723,938083,377368,680363,604785,367347,761090,564288,34332,188289,342922,114202,945886,359440,371443,124890,590543,257889,335254,278030,206812,587540,406976,272932,16697,194856,306774,866394,897001,312212,845665,471657,587920,218157,601297,466020,133746,143067,205776
"109","APGLPAQIK y5",8088577,14113084,4544924,12059317,12438625,9470033,15137668,4012075,17886138,6466473,11341404,10886525,6717816,13981313,9620782,607227,3180367,6149814,1825630,16955050,6292036,6598388,1820621,10409221,4234286,5568690,4292075,3346807,10284055,6926349,3992849,253995,3237307,5472032,15492203,15474237,5304412,14951171,8613457,9614847,3772234,10573266,7988344,2355419,2236103,3509992
"110","APGLPAQIK y4",150834,267616,68790,242469,247745,174942,308140,72267,355292,111639,227924,220483,101255,276579,184257,12022,56658,103142,29697,325386,105975,119149,26871,190590,79696,93085,77914,51651,196074,118570,74906,4776,57196,93365,304469,308820,92209,289859,155129,175804,63015,195702,154511,42333,35053,59665
"111","MDVEGTLPEDLK y9",913755,1371418,487664,1048020,1416926,968465,1597897,464842,1157750,700256,1183353,1223577,846215,1697976,1124985,60546,315346,724055,139913,1685513,779958,540512,120588,1506572,471362,707113,526029,403976,1249742,701015,428290,12866,354080,548705,1201296,1407336,603437,1238644,1003911,1561596,526766,1168878,1132776,291609,122628,399944
"112","MDVEGTLPEDLK y8",1465243,2253120,775905,1637443,2368449,1558876,2691409,704552,1967431,1075968,1889624,2031113,1337055,2787953,1844874,84324,533391,1114469,215269,2812553,1270931,851004,184310,2462801,720972,1088578,817659,627822,2093150,1085556,674260,18741,539675,824250,2018702,2363563,954651,1996095,1593026,2546910,830209,1883285,1828695,431818,195270,636214
"113","MDVEGTLPEDLK y5",1182482,1866920,688723,1422567,2037102,1302080,2287505,639514,1700420,881010,1631830,1739175,1108572,2358589,1504017,83015,442909,958393,169821,2328332,1044418,721417,157617,2048077,564735,910481,707567,493024,1678332,907911,556370,20021,447847,711677,1630274,2021932,775031,1668053,1329505,2138437,736153,1622869,1538387,379717,162600,536138
"114","GLGLGGVPGQNGK y9",1372729,2032595,957231,1888984,1907694,1425175,2236040,956427,2274386,1335733,1818077,2083280,1257113,2271945,1420731,144094,711520,1349801,458452,2483425,1391510,1068395,415698,1546883,958727,1284632,1115357,739818,1644253,1331498,705843,73069,703806,1120569,2235973,2230469,1204897,2105234,1334087,1652667,879031,1751792,1404640,593564,549319,765570
"115","GLGLGGVPGQNGK y8",308458,465109,184172,401932,428138,324541,510323,226776,511439,310238,407434,457828,301896,511644,324203,36976,162511,297883,94724,547385,296777,231101,87796,342784,217526,279159,232056,182709,348222,298943,168969,17344,141534,259531,512306,521426,274057,463498,306262,377410,232258,374533,308541,137989,133067,157249
"116","GLGLGGVPGQNGK y6",1793906,2771869,1282541,2485081,2613954,1881619,3194377,1292209,3075990,1815176,2373188,2769917,1662939,3119567,1859464,179570,932124,1823496,601036,3348622,1733044,1438009,566420,2048943,1228537,1669414,1404372,954276,2114947,1706885,848350,86499,964876,1483228,3041707,3056187,1609543,2799303,1760247,2260897,1180800,2270827,1936493,806025,734680,1028160
"117","LTILEELR y6",29599972,25449096,43859836,27587238,26075618,30520362,31183928,54357888,22046744,47704248,29090870,39211796,49038620,34117760,38554952,60695084,60217216,52668900,46545132,37753252,179007920,167653648,183668992,159330496,115319136,125594384,140705328,125014056,99126216,103184080,114343024,90118336,127937376,113936672,94752976,92031096,128184968,102599240,94093000,94419216,114609072,100424384,96775488,123212376,114659776,121962984
"118","LTILEELR y5",25329132,21630980,37530300,23651940,22551560,26273644,26607014,48060280,18699170,41792512,25474612,34364540,42970532,29719314,33668640,53964780,53810056,45830096,39932728,32908066,175121552,161537824,176774560,154839360,109235160,119797832,136617552,119511808,94487424,97195912,107823296,83390304,123603928,108440368,90659816,87201696,123497264,97472008,89104968,89378168,108345040,95357560,90637752,118328856,107548128,116678504
"119","LTILEELR y4",11063187,9320385,16863806,10497707,9757952,11783441,11857089,22954378,7818601,19603106,11177256,15556003,20319670,13526519,15083596,26569586,26936078,21640132,18807316,14833687,147767424,123535752,140117296,125696800,71822552,81132168,99648624,88104208,60154156,56990644,65285208,47450848,93806184,67652464,52571208,49080732,95218608,61629704,50098796,51587832,73711448,56073652,48269928,84410688,68053640,81746568
"120","GLILVGGYGTR y8",39989552,26801878,50610572,32404204,25639908,33521370,28437114,54200704,19690232,57514028,28091928,41462984,58246164,35742448,36818228,60625824,64342888,53625368,52409472,37178444,168438288,141679456,161395712,140149520,86019512,84718424,89500032,87586280,58715584,68312432,78339632,80629608,95444560,86709008,51406016,49091820,87187152,54652616,48323260,52473964,91872872,55470928,60967220,86884952,82187480,83712624
"121","GLILVGGYGTR y7",61235908,41211800,78516248,50214160,39880040,52204952,43851088,82753432,29921088,87818336,43756820,64601368,89181968,55605860,58014692,89074784,96760984,82813104,81394296,57357256,197385424,174635952,189669952,168842128,119992792,119098960,127616696,121986304,89296896,100947888,113049384,106677928,125416200,124255512,79748976,76041456,124423360,83542592,73537808,81086952,124529360,85831416,93239120,117185248,118488976,117830784
"122","GLILVGGYGTR y6",69625376,46342556,88895296,56573192,44317276,58515280,48762364,93051984,31727964,97881640,48486524,73838128,99691400,63195488,65417352,93680120,106017968,94493000,92312528,65196376,202686000,178619536,194873904,177020752,128649080,125582512,134339120,128733840,98275104,110667184,121385576,114147176,132864008,132781296,88839264,85510448,133030552,90606320,81584904,90062496,131891952,94869488,103697848,124906968,126302008,127584768
"123","ELGQSGVDTYLQTK y10",9266561,6678714,13277335,7613675,5412913,6907901,6166389,15477139,3960516,15969069,6390172,9065792,13047873,7254529,8105528,13030713,15087994,15404802,11873190,8070279,54743360,39071284,50619544,32976096,24516770,27642548,23648708,26248758,14823890,21835534,24449210,29607388,28832914,29333898,13295454,12026970,28063170,13921918,13790042,14209500,26543418,13931098,15548464,27771668,25539706,27838540
"124","ELGQSGVDTYLQTK y7",9438717,6685088,13561681,7458299,5361017,6975715,6109345,15503588,3831395,16322182,6412101,9019346,13390796,7252236,8311303,13426655,15527845,15795705,11989661,8300167,60134448,41860848,54766928,33522426,25674994,28680676,24743016,27719546,15913958,23196940,25510294,30200798,29495478,30493874,13374878,12169654,29389062,14324893,14330294,14543101,27131324,14571487,16166219,29724848,26873762,28990728
"125","SAAGAFGPELSR y7",56556296,42565884,72681872,39071720,41628572,51892420,45943460,84738544,32775994,85060568,45166560,60731784,72583472,52985332,54734888,87066400,94235952,84038648,83461864,52613992,198918224,171158848,203317856,171738752,103384320,117333520,108394112,110020112,83833304,92232416,99886088,127670568,113685968,111742512,72232920,65059376,112944920,77066000,68701976,78890896,113469824,76713816,81633816,112080000,107310176,112235200
"126","SAAGAFGPELSR y6",61477572,45436700,78670440,41931228,43955756,55700724,49592128,93061296,34788648,92690896,48167300,65518148,80489256,56802000,58584064,95241056,102716000,92214464,91192480,56063120,208875904,181838272,213089776,184157488,112194920,130341936,118459232,121270488,91303696,98629176,110060376,138743856,125336768,124874416,79067792,70307120,126774808,84649608,74172328,86752672,127938000,84048808,88819536,123018992,116679208,123441608
"127","TASEFDSAIAQDK y9",12880087,9321226,15541326,9822470,8863165,9987178,9659660,18366768,5709238,18993730,10143215,12293806,15711931,10948827,10869327,17985854,21076190,17441744,16808100,12920370,58224228,42806640,52390052,41612156,25575598,29168524,28280216,26416378,17538886,21512834,24749620,33147422,28588440,25834996,16221894,14119878,28335174,16962212,15986247,17158156,28328104,16806370,19716940,28410574,25328890,27857634
"128","TASEFDSAIAQDK y8",9702983,6984738,10312884,7409669,6412100,7412593,7062933,13782988,4173130,14005058,7443927,9319637,11536717,8095272,8155119,13478031,16055414,13036829,12775710,9573205,46115408,33623336,42276732,32040296,19339406,22392486,21791720,20103102,13398296,16709532,18826378,25189246,22113410,19516034,12230217,10488179,21812590,12989709,12064591,13048980,21520054,12770977,14938397,21860410,19409364,21135220
"129","IGDYAGIK y6",35027356,24626974,49314064,30395726,28746370,31191984,26562576,58165204,21810796,59766472,29578220,40352468,49352956,33706028,35020688,66272712,69308496,57267752,55009336,35860156,129613432,128404256,140531568,116103000,72705144,76277208,76365080,76607208,51658088,69097808,77750352,89423704,78859472,73576048,39954324,40013268,80330216,42801432,50015928,42326096,79112936,45618308,56218140,75824304,74647040,73173528
"130","IGDYAGIK y5",20683762,14093706,29473424,17383474,16938160,18132964,15857163,32872264,12503776,34109368,17044490,22909754,26515458,19307470,19690972,36990704,38474612,31802494,29833330,20591926,90003896,80719720,93852880,71216536,40548344,43330100,44006884,43064544,29692710,39215104,45022356,50966508,44173904,42469148,23109240,23059506,45868400,24762000,28384226,24573116,45011772,25889408,32090184,42372048,40763704,42930888
"131","DIPVPKPK y6",17156704,19967156,48892916,14011613,24359600,24627640,32272674,59674000,24498536,62898784,27077892,26383616,48108036,13263921,11146146,59611560,82112632,72477536,81452272,20862838,124263200,89921920,199475536,73211008,73328216,78510376,71580760,73080536,35319908,59476456,100801920,88563984,79679312,84061864,29512444,NA,NA,31196342,NA,29122266,80202032,26251952,152824,76228800,85877392,81514048
"132","DIPVPKPK y5",914960,1048906,2603808,720738,1396865,1279664,1782945,3212198,1317226,3257675,1488271,1314516,2495767,683391,515680,3100339,4262497,3768955,4321279,1044889,6769289,4913252,11042374,3761690,3806141,4171921,3669131,3759486,1803441,3127984,5387136,4401246,4068860,4448371,1638290,NA,NA,1584428,NA,1589264,4293616,1285630,30595,3965257,4430564,4346281
"133","DIPVPKPK y4",8325782,9406448,26878932,6833409,12198447,12323115,17549008,35109104,11839213,36490968,13608855,13897445,26188536,5858343,4726094,32146584,46622900,40261608,46958380,9658836,78630672,54425452,132746304,41244892,40728060,45228960,40862788,40891748,17092734,34409116,59416840,47039624,44663436,49731040,14711703,NA,NA,15526910,NA,13976202,46395228,12009458,23671,42616492,48304796,48304844
"134","HVLTSIGEK y7",92237032,70074152,112634144,96121312,80040048,82339960,87930400,111237568,29580680,NA,81255808,97786744,107049336,100651472,94080856,108066936,114512320,109890208,112304352,93451600,202022976,189689824,204499200,181330784,125279536,123910320,141469312,129054432,116437224,131071360,133334632,134397056,132888328,124673192,112543232,NA,NA,NA,NA,106862128,42622716,113784824,NA,130155096,133834312,131370192
"135","HVLTSIGEK y6",16559967,11404621,18804372,17768008,13450322,15183471,15138275,22779088,3426102,NA,13094026,17341608,19588088,17935330,16815580,22236884,24775842,23896104,19390026,16542741,66583312,59691064,67961360,58436276,29635102,30271284,33083474,31581876,26548582,28803394,30717860,34495276,30198928,31111504,23197734,NA,NA,NA,NA,22511020,5224218,22988234,NA,29318252,30186496,31318926
"136","HVLTSIGEK y5",7080364,5108934,8109585,7976909,6141109,6645552,6773483,10288213,1580047,NA,5829608,7709524,8658566,7905620,7505610,9648340,11029945,10895284,8373624,7343057,32254172,28385738,32429826,28347560,13449165,13601652,14950400,13892473,12306993,13062794,13681060,15622416,13451067,14363674,10614462,NA,NA,NA,NA,10270830,3394306,10528487,NA,12854635,13528084,14448967
"137","GISNEGQNASIK y10",14635992,10280625,17579168,13471965,11079161,12629601,11861796,21258024,NA,NA,11498612,14580391,18478918,15451148,14191922,21777588,23668516,22449318,20052098,15470918,54578520,47480312,55030188,50403880,28742104,29425118,27758068,29390648,20656936,24899526,27341770,37961300,28346194,29346390,17625030,NA,NA,NA,NA,18947840,NA,20233724,NA,28342302,29115800,27743566
"138","GISNEGQNASIK y8",12525610,8736950,14820306,11332396,9256876,10984816,10148195,18258006,NA,NA,9934591,12206980,15785503,13389373,12272502,18441950,20315966,19116390,17110616,13342056,49546444,41810088,46836176,44120680,24520378,25472736,24666180,25570586,17741298,21492714,23622544,32777744,24339588,24931324,15245394,NA,NA,NA,NA,16529791,NA,17428524,NA,24526798,25103044,23606040
"139","GISNEGQNASIK y7",24869602,16905204,29619198,22978054,19119828,22530312,20600540,37914340,NA,NA,19511770,24488184,32594908,27452856,23987542,35598232,42239700,40078292,36037044,27173408,96005256,84823608,89294832,92523368,51294036,53894840,51686408,53262952,36359064,44356348,49419460,65550280,51618528,53382496,31422368,NA,NA,NA,NA,34161108,NA,36818864,NA,50431728,51902072,50713448
"140","SSAAPPPPPR y6",130053512,106066296,159913584,126747560,108934168,127885288,121450520,191682640,NA,NA,107891672,132130664,151529952,135115184,128692784,31059128,192248784,187488944,162954832,141371872,318586944,295751648,340982144,288568256,213664864,225967904,221133904,223029136,151383856,199329984,130420784,246693920,206805952,215477392,160817520,NA,NA,NA,NA,143563712,NA,161736320,NA,198215120,226350992,221725088
"141","SSAAPPPPPR y5",38918012,30026738,46880988,42998360,31178036,38609400,35688844,64717636,NA,NA,30986400,39880132,51723696,40589752,40365808,6983469,56792628,65598636,49368056,44147372,154213808,146476752,164973120,120059480,78639936,90264600,80016864,81162936,52662624,72821968,41235784,91561560,77877584,80646248,53530708,NA,NA,NA,NA,49967824,NA,55351800,NA,70826744,79441440,82714784
"142","SSAAPPPPPR y4",22303730,17735606,27505706,26069666,18483636,22479800,21335786,39176152,NA,NA,18370928,23856902,30811400,23935954,24059764,3201764,32511684,39125980,28294178,26907392,104403464,101496224,113971904,92740912,47557448,56167020,46914332,47309444,32255110,44408880,28919366,53907972,47587512,50280696,33090258,NA,NA,NA,NA,30622542,NA,33826304,NA,41558104,46729844,50733328
